battery_capacity_kwh,charger_power_kw,initial_soc_pct,target_soc_pct,charging_time_hours,energy_required_kwh,temperature_c,battery_age_cycles,vehicle_weight_kg,hour_of_day,estimated_cost_inr,vehicle_model,charger_type,user_type,day_of_week
75.0,6.34,62.7,84.2,2.62,16.56,12.4,400,1979.0,19,132.48,Tesla Model Y,Level 2,Commuter,Saturday
65.0,3.07,10.5,83.3,16.0,48.42,14.2,800,1800.0,23,387.36,Chevy Bolt EV,Level 1,Casual Driver,Monday
40.0,3.04,32.1,79.8,6.34,19.57,13.6,1400,1598.0,19,156.56,Nissan Leaf,Level 1,Commuter,Tuesday
75.0,6.6,22.6,80.4,6.91,45.68,7.3,200,1979.0,14,365.44,Tesla Model Y,Level 2,Commuter,Thursday
75.0,44.74,21.5,82.8,1.19,46.97,14.5,1200,1979.0,23,375.76,Tesla Model Y,DC Fast,Long-Distance Traveler,Thursday
40.0,44.17,31.0,95.6,0.62,27.71,3.3,600,1598.0,23,221.68,Nissan Leaf,DC Fast,Long-Distance Traveler,Saturday
75.0,49.48,8.0,83.3,1.16,56.6,19.4,800,1979.0,23,452.8,Tesla Model Y,DC Fast,Casual Driver,Wednesday
95.0,47.11,34.3,79.4,0.87,45.41,6.0,200,2585.0,8,363.28,Audi e-tron,DC Fast,Commuter,Thursday
77.4,7.19,17.4,78.5,6.75,48.11,24.3,400,1960.0,8,384.88,Kia EV6,Level 2,Commuter,Saturday
100.0,47.45,22.3,80.8,1.31,62.11,5.6,400,2509.0,14,496.88,Tesla Model X,DC Fast,Commuter,Friday
42.2,46.18,41.4,84.5,0.44,19.52,2.9,400,1195.0,23,156.16,BMW i3,DC Fast,Commuter,Wednesday
75.0,6.47,56.4,99.3,5.47,32.64,23.4,1000,1979.0,23,261.12,Tesla Model Y,Level 2,Casual Driver,Saturday
75.0,49.09,45.4,93.2,0.86,37.61,8.6,1200,1979.0,19,300.88,Tesla Model Y,DC Fast,Long-Distance Traveler,Wednesday
72.6,3.02,23.8,82.3,14.73,44.21,29.6,1000,1800.0,19,353.68,Hyundai Ioniq 5,Level 1,Casual Driver,Sunday
75.0,3.15,15.7,83.4,16.65,51.82,15.1,1500,1844.0,23,414.56,Tesla Model 3,Level 1,Commuter,Monday
75.0,6.83,30.3,81.0,5.89,40.43,4.9,200,1844.0,14,323.44,Tesla Model 3,Level 2,Long-Distance Traveler,Tuesday
75.0,6.6,34.5,97.5,7.7,47.81,22.9,400,1844.0,23,382.48,Tesla Model 3,Level 2,Long-Distance Traveler,Sunday
95.0,49.17,47.4,81.0,0.75,33.1,11.4,1000,2585.0,19,264.8,Audi e-tron,DC Fast,Commuter,Friday
65.0,7.11,19.5,84.6,6.04,42.78,17.1,600,1800.0,23,342.24,Chevy Bolt EV,Level 2,Casual Driver,Friday
95.0,3.28,46.8,91.3,14.38,45.56,2.1,600,2585.0,23,364.48,Audi e-tron,Level 1,Long-Distance Traveler,Thursday
77.4,6.48,43.3,99.7,7.34,44.62,25.7,200,1960.0,23,356.96,Kia EV6,Level 2,Long-Distance Traveler,Saturday
42.2,7.02,12.1,81.7,4.32,29.85,15.9,600,1195.0,23,238.8,BMW i3,Level 2,Commuter,Friday
75.0,6.9,42.0,93.8,6.11,40.46,29.8,1000,1979.0,23,323.68,Tesla Model Y,Level 2,Commuter,Tuesday
42.2,47.14,45.1,95.7,0.47,21.57,22.5,1200,1195.0,23,172.56,BMW i3,DC Fast,Commuter,Friday
75.0,6.37,8.1,81.3,9.71,61.47,-6.8,800,1844.0,8,491.76,Tesla Model 3,Level 2,Commuter,Wednesday
40.0,7.0,22.0,93.4,4.52,29.83,9.3,200,1598.0,8,238.64,Nissan Leaf,Level 2,Commuter,Sunday
75.0,45.82,48.2,84.1,0.6,28.57,5.9,1000,1844.0,23,228.56,Tesla Model 3,DC Fast,Commuter,Wednesday
72.6,45.48,38.6,83.4,0.69,33.43,13.4,400,1800.0,23,267.44,Hyundai Ioniq 5,DC Fast,Commuter,Thursday
75.0,6.61,35.2,83.9,5.88,38.41,7.7,400,1979.0,23,307.28,Tesla Model Y,Level 2,Commuter,Sunday
100.0,48.71,44.3,82.1,0.77,39.73,32.2,200,2509.0,14,317.84,Tesla Model X,DC Fast,Commuter,Thursday
100.0,6.6,30.7,92.5,10.71,67.77,42.0,1000,2241.0,14,542.16,Tesla Model S,Level 2,Casual Driver,Thursday
65.0,6.63,28.7,91.1,6.9,44.05,0.5,1500,1800.0,19,352.4,Chevy Bolt EV,Level 2,Commuter,Sunday
75.0,48.74,47.5,83.2,0.57,26.89,18.9,200,1979.0,23,215.12,Tesla Model Y,DC Fast,Commuter,Monday
75.0,44.44,62.3,99.1,0.65,28.22,14.1,600,1979.0,19,225.76,Tesla Model Y,DC Fast,Commuter,Wednesday
75.0,47.52,49.4,100.0,0.88,39.52,10.0,200,1844.0,23,316.16,Tesla Model 3,DC Fast,Commuter,Friday
40.0,6.77,34.8,81.1,2.87,19.27,10.2,800,1598.0,19,154.16,Nissan Leaf,Level 2,Commuter,Friday
40.0,3.01,46.0,97.7,7.68,21.67,31.5,1500,1598.0,19,173.36,Nissan Leaf,Level 1,Commuter,Tuesday
40.0,46.24,30.4,99.2,0.59,29.2,34.5,1400,1598.0,19,233.6,Nissan Leaf,DC Fast,Commuter,Tuesday
72.6,48.11,8.0,82.1,1.22,58.62,-0.5,400,1800.0,23,468.96,Hyundai Ioniq 5,DC Fast,Casual Driver,Sunday
40.0,7.07,24.3,90.4,4.1,27.24,27.3,200,1598.0,23,217.92,Nissan Leaf,Level 2,Commuter,Saturday
100.0,7.03,29.3,82.7,8.02,55.65,9.8,400,2509.0,23,445.2,Tesla Model X,Level 2,Long-Distance Traveler,Wednesday
75.0,6.7,59.3,79.2,2.39,15.87,5.1,400,1979.0,23,126.96,Tesla Model Y,Level 2,Long-Distance Traveler,Wednesday
40.0,3.07,49.5,90.3,5.49,16.4,21.1,400,1598.0,8,131.2,Nissan Leaf,Level 1,Casual Driver,Monday
75.0,44.7,42.5,82.0,0.79,31.5,4.7,1400,1844.0,19,252.0,Tesla Model 3,DC Fast,Casual Driver,Saturday
40.0,7.15,27.1,80.8,3.08,22.03,26.3,1200,1598.0,14,176.24,Nissan Leaf,Level 2,Commuter,Sunday
40.0,7.16,34.2,83.9,2.84,20.22,16.1,600,1598.0,19,161.76,Nissan Leaf,Level 2,Commuter,Tuesday
75.0,3.14,27.5,98.9,18.35,54.09,22.6,200,1844.0,23,432.72,Tesla Model 3,Level 1,Commuter,Saturday
75.0,6.61,44.3,84.2,4.86,31.49,7.4,200,1844.0,23,251.92,Tesla Model 3,Level 2,Commuter,Friday
100.0,6.74,24.8,81.0,8.39,56.57,21.6,1200,2241.0,23,452.56,Tesla Model S,Level 2,Casual Driver,Thursday
100.0,6.53,28.1,96.6,11.17,68.63,19.5,1000,2509.0,23,549.04,Tesla Model X,Level 2,Commuter,Thursday
75.0,45.36,27.8,84.1,1.01,43.13,15.0,1400,1979.0,23,345.04,Tesla Model Y,DC Fast,Commuter,Thursday
75.0,7.19,27.2,83.5,6.14,43.56,27.5,200,1979.0,19,348.48,Tesla Model Y,Level 2,Casual Driver,Tuesday
77.4,6.9,32.3,81.5,5.82,39.85,9.0,200,1960.0,19,318.8,Kia EV6,Level 2,Long-Distance Traveler,Tuesday
75.0,6.43,17.4,84.5,8.5,53.93,3.3,800,1844.0,23,431.44,Tesla Model 3,Level 2,Commuter,Friday
75.0,6.64,51.5,95.2,5.36,33.68,13.3,400,1844.0,19,269.44,Tesla Model 3,Level 2,Commuter,Monday
75.0,6.53,27.8,78.6,6.02,39.07,26.2,1200,1844.0,23,312.56,Tesla Model 3,Level 2,Commuter,Thursday
40.0,48.54,43.5,93.0,0.5,20.19,25.2,400,1598.0,14,161.52,Nissan Leaf,DC Fast,Commuter,Wednesday
100.0,45.41,30.2,97.5,1.78,72.1,3.3,1000,2241.0,23,576.8,Tesla Model S,DC Fast,Commuter,Saturday
75.0,3.23,34.6,78.4,10.59,34.1,11.1,200,1979.0,8,272.8,Tesla Model Y,Level 1,Commuter,Monday
100.0,46.96,19.8,97.6,1.75,78.51,17.7,1500,2241.0,23,628.08,Tesla Model S,DC Fast,Commuter,Saturday
75.0,7.17,40.2,81.2,4.39,31.66,13.2,1000,1844.0,14,253.28,Tesla Model 3,Level 2,Long-Distance Traveler,Monday
75.0,48.39,17.3,82.3,1.07,53.73,-3.0,1000,1844.0,14,429.84,Tesla Model 3,DC Fast,Casual Driver,Friday
40.0,7.14,30.8,80.6,2.73,20.06,18.4,400,1598.0,23,160.48,Nissan Leaf,Level 2,Casual Driver,Friday
75.0,6.48,29.8,93.3,8.12,50.17,7.4,1000,1844.0,19,401.36,Tesla Model 3,Level 2,Commuter,Saturday
75.0,47.52,75.0,97.3,0.41,17.0,24.1,800,1844.0,14,136.0,Tesla Model 3,DC Fast,Commuter,Saturday
100.0,49.92,33.5,93.5,1.34,64.77,1.6,800,2509.0,14,518.16,Tesla Model X,DC Fast,Casual Driver,Friday
42.2,6.78,20.5,80.2,3.71,25.29,20.7,1000,1195.0,23,202.32,BMW i3,Level 2,Commuter,Sunday
75.0,45.03,38.7,82.1,0.72,33.61,27.5,600,1844.0,19,268.88,Tesla Model 3,DC Fast,Casual Driver,Sunday
95.0,48.3,34.3,80.5,0.91,44.6,15.7,600,2585.0,14,356.8,Audi e-tron,DC Fast,Commuter,Saturday
75.0,6.53,38.5,80.6,5.06,33.0,9.3,200,1844.0,23,264.0,Tesla Model 3,Level 2,Long-Distance Traveler,Friday
77.4,7.05,34.3,80.8,5.17,36.29,18.3,400,1960.0,19,290.32,Kia EV6,Level 2,Long-Distance Traveler,Thursday
75.0,47.37,49.9,78.2,0.38,21.91,12.8,400,1979.0,19,175.28,Tesla Model Y,DC Fast,Commuter,Monday
77.4,6.88,39.8,81.8,5.12,34.92,2.8,1400,1960.0,23,279.36,Kia EV6,Level 2,Commuter,Thursday
40.0,6.68,33.7,79.3,2.83,18.95,10.7,1200,1598.0,23,151.6,Nissan Leaf,Level 2,Commuter,Tuesday
65.0,7.02,41.3,83.1,4.19,28.67,32.7,600,1800.0,19,229.36,Chevy Bolt EV,Level 2,Long-Distance Traveler,Thursday
75.0,6.82,33.8,80.0,5.05,35.09,16.5,600,1844.0,14,280.72,Tesla Model 3,Level 2,Commuter,Thursday
100.0,7.16,37.5,80.3,6.1,43.61,24.9,200,2241.0,14,348.88,Tesla Model S,Level 2,Casual Driver,Monday
75.0,2.91,22.4,99.7,23.39,63.38,-1.4,1500,1844.0,23,507.04,Tesla Model 3,Level 1,Casual Driver,Sunday
100.0,3.06,49.2,83.1,11.4,34.26,22.7,1000,2241.0,19,274.08,Tesla Model S,Level 1,Commuter,Saturday
75.0,48.41,43.0,94.6,0.8,39.2,16.6,1200,1844.0,8,313.6,Tesla Model 3,DC Fast,Commuter,Friday
100.0,6.92,21.1,78.6,8.84,61.25,4.5,400,2241.0,23,490.0,Tesla Model S,Level 2,Casual Driver,Friday
100.0,6.85,41.3,99.6,9.62,61.16,8.2,1400,2509.0,14,489.28,Tesla Model X,Level 2,Commuter,Thursday
75.0,47.21,9.8,84.2,1.26,58.59,7.9,400,1844.0,23,468.72,Tesla Model 3,DC Fast,Casual Driver,Friday
40.0,6.99,20.4,97.1,5.04,33.31,0.5,400,1598.0,19,266.48,Nissan Leaf,Level 2,Casual Driver,Monday
75.0,47.28,59.2,78.7,0.36,15.16,11.7,1400,1979.0,19,121.28,Tesla Model Y,DC Fast,Commuter,Friday
100.0,6.65,30.9,93.0,10.37,65.8,5.7,1000,2241.0,14,526.4,Tesla Model S,Level 2,Commuter,Saturday
75.0,6.46,15.4,92.6,10.4,63.91,-3.3,1200,1979.0,14,511.28,Tesla Model Y,Level 2,Casual Driver,Friday
75.0,49.86,33.3,91.7,0.97,46.83,36.2,200,1844.0,23,374.64,Tesla Model 3,DC Fast,Commuter,Friday
75.0,6.36,40.0,90.5,6.48,39.99,7.2,1500,1979.0,14,319.92,Tesla Model Y,Level 2,Commuter,Saturday
72.6,49.7,25.4,93.0,1.03,51.03,29.8,800,1800.0,19,408.24,Hyundai Ioniq 5,DC Fast,Casual Driver,Thursday
100.0,48.31,65.8,82.2,0.41,17.27,32.3,400,2241.0,8,138.16,Tesla Model S,DC Fast,Commuter,Wednesday
40.0,46.48,29.3,98.8,0.64,28.24,15.9,400,1598.0,14,225.92,Nissan Leaf,DC Fast,Commuter,Saturday
75.0,3.13,32.6,84.4,13.65,42.27,-0.4,400,1844.0,19,338.16,Tesla Model 3,Level 1,Long-Distance Traveler,Friday
65.0,46.26,29.9,97.2,1.12,47.45,39.4,1200,1800.0,23,379.6,Chevy Bolt EV,DC Fast,Commuter,Tuesday
100.0,6.45,19.2,91.3,11.76,72.71,18.0,200,2241.0,14,581.68,Tesla Model S,Level 2,Commuter,Tuesday
75.0,45.63,24.6,83.7,1.05,46.58,7.6,600,1844.0,23,372.64,Tesla Model 3,DC Fast,Casual Driver,Wednesday
75.0,7.06,40.4,79.2,4.37,30.86,6.1,800,1979.0,19,246.88,Tesla Model Y,Level 2,Casual Driver,Tuesday
75.0,49.12,54.0,95.3,0.68,32.68,6.5,1000,1844.0,14,261.44,Tesla Model 3,DC Fast,Commuter,Wednesday
42.2,6.69,41.3,91.4,3.3,21.63,14.5,400,1195.0,23,173.04,BMW i3,Level 2,Long-Distance Traveler,Saturday
75.0,7.12,41.9,79.8,4.13,29.77,8.8,200,1844.0,19,238.16,Tesla Model 3,Level 2,Casual Driver,Monday
40.0,45.54,46.1,96.1,0.51,21.43,3.2,1200,1598.0,23,171.44,Nissan Leaf,DC Fast,Commuter,Wednesday
100.0,3.08,47.8,90.2,14.62,43.46,13.6,200,2241.0,19,347.68,Tesla Model S,Level 1,Commuter,Sunday
65.0,6.64,34.4,82.4,4.86,31.42,18.2,1400,1800.0,8,251.36,Chevy Bolt EV,Level 2,Commuter,Wednesday
77.4,45.56,36.3,78.1,0.66,32.6,18.0,1400,1960.0,19,260.8,Kia EV6,DC Fast,Commuter,Tuesday
100.0,6.51,17.0,94.2,13.18,81.29,32.8,600,2241.0,19,650.32,Tesla Model S,Level 2,Commuter,Friday
75.0,6.82,75.0,83.0,1.03,6.76,-8.1,1400,1979.0,19,54.08,Tesla Model Y,Level 2,Commuter,Saturday
75.0,3.17,39.9,91.3,14.23,43.66,-9.6,800,1979.0,19,349.28,Tesla Model Y,Level 1,Long-Distance Traveler,Thursday
75.0,2.97,43.0,79.6,10.03,30.18,-2.6,600,1979.0,23,241.44,Tesla Model Y,Level 1,Commuter,Wednesday
100.0,6.44,14.5,93.5,13.03,80.11,23.5,1000,2241.0,14,640.88,Tesla Model S,Level 2,Commuter,Sunday
77.4,49.07,54.3,84.7,0.53,24.65,31.5,200,1960.0,23,197.2,Kia EV6,DC Fast,Commuter,Saturday
75.0,6.61,44.4,79.8,4.22,27.63,10.2,200,1979.0,19,221.04,Tesla Model Y,Level 2,Casual Driver,Sunday
95.0,3.12,30.0,93.7,21.7,64.54,4.4,200,2585.0,19,516.32,Audi e-tron,Level 1,Long-Distance Traveler,Monday
40.0,6.58,44.9,83.9,2.63,16.93,39.9,1000,1598.0,14,135.44,Nissan Leaf,Level 2,Casual Driver,Wednesday
100.0,47.91,50.2,92.3,0.98,45.23,2.4,400,2241.0,19,361.84,Tesla Model S,DC Fast,Long-Distance Traveler,Tuesday
42.2,6.94,42.4,93.6,3.32,22.11,14.1,1400,1195.0,19,176.88,BMW i3,Level 2,Long-Distance Traveler,Monday
100.0,6.4,41.5,91.7,8.17,50.99,23.7,600,2509.0,8,407.92,Tesla Model X,Level 2,Casual Driver,Monday
95.0,48.23,35.2,82.2,1.02,50.4,-8.5,1000,2585.0,14,403.2,Audi e-tron,DC Fast,Long-Distance Traveler,Thursday
75.0,47.55,30.6,79.4,0.77,38.09,10.0,600,1979.0,23,304.72,Tesla Model Y,DC Fast,Commuter,Monday
95.0,7.02,25.4,99.3,10.8,70.79,18.1,800,2585.0,19,566.32,Audi e-tron,Level 2,Commuter,Thursday
40.0,6.94,8.0,97.8,5.93,38.8,1.5,800,1598.0,23,310.4,Nissan Leaf,Level 2,Commuter,Saturday
65.0,6.48,41.4,79.1,4.17,27.13,-4.2,1500,1800.0,23,217.04,Chevy Bolt EV,Level 2,Long-Distance Traveler,Thursday
75.0,6.51,39.3,83.6,5.4,34.74,30.8,400,1979.0,23,277.92,Tesla Model Y,Level 2,Commuter,Friday
77.4,3.17,29.3,91.2,16.06,48.89,25.3,600,1960.0,8,391.12,Kia EV6,Level 1,Casual Driver,Sunday
40.0,46.11,27.1,78.7,0.45,21.42,29.1,1200,1598.0,23,171.36,Nissan Leaf,DC Fast,Commuter,Friday
75.0,6.54,35.5,83.4,5.95,38.71,38.1,600,1979.0,23,309.68,Tesla Model Y,Level 2,Casual Driver,Friday
40.0,45.74,24.1,94.1,0.66,28.2,18.2,800,1598.0,14,225.6,Nissan Leaf,DC Fast,Commuter,Tuesday
75.0,6.4,43.2,80.1,4.4,28.2,15.0,1000,1844.0,8,225.6,Tesla Model 3,Level 2,Commuter,Wednesday
100.0,44.35,36.7,84.2,1.21,48.86,12.8,1000,2241.0,23,390.88,Tesla Model S,DC Fast,Commuter,Monday
40.0,3.3,33.8,92.6,7.62,24.15,13.2,800,1598.0,23,193.2,Nissan Leaf,Level 1,Casual Driver,Wednesday
100.0,7.03,26.6,99.9,12.2,80.2,-1.5,200,2241.0,23,641.6,Tesla Model S,Level 2,Long-Distance Traveler,Tuesday
40.0,6.7,42.5,99.3,3.56,22.88,22.0,1200,1598.0,19,183.04,Nissan Leaf,Level 2,Commuter,Wednesday
75.0,46.96,41.2,99.8,0.97,44.1,20.8,1000,1979.0,23,352.8,Tesla Model Y,DC Fast,Commuter,Monday
75.0,7.2,31.6,82.3,5.78,40.97,38.1,400,1844.0,14,327.76,Tesla Model 3,Level 2,Long-Distance Traveler,Sunday
100.0,7.13,61.0,80.3,2.89,20.82,37.4,200,2241.0,19,166.56,Tesla Model S,Level 2,Casual Driver,Saturday
75.0,48.02,27.8,84.2,0.88,42.26,20.1,1200,1979.0,19,338.08,Tesla Model Y,DC Fast,Casual Driver,Monday
75.0,47.44,55.6,93.1,0.75,29.5,8.5,1000,1979.0,19,236.0,Tesla Model Y,DC Fast,Commuter,Tuesday
75.0,7.2,23.5,78.8,5.99,43.04,29.0,600,1979.0,14,344.32,Tesla Model Y,Level 2,Commuter,Monday
40.0,7.19,31.0,95.3,4.19,29.17,-9.5,600,1598.0,23,233.36,Nissan Leaf,Level 2,Commuter,Sunday
40.0,6.64,26.2,91.7,4.57,29.13,-5.3,600,1598.0,14,233.04,Nissan Leaf,Level 2,Commuter,Wednesday
75.0,6.79,54.5,78.2,2.81,18.76,7.1,400,1979.0,14,150.08,Tesla Model Y,Level 2,Long-Distance Traveler,Saturday
95.0,6.68,36.5,83.7,6.79,44.99,21.1,600,2585.0,19,359.92,Audi e-tron,Level 2,Casual Driver,Friday
100.0,46.5,34.0,80.2,0.96,46.63,18.0,1200,2509.0,14,373.04,Tesla Model X,DC Fast,Long-Distance Traveler,Monday
75.0,44.65,22.7,81.7,0.98,45.0,15.8,1400,1979.0,8,360.0,Tesla Model Y,DC Fast,Long-Distance Traveler,Thursday
95.0,6.94,47.7,90.4,6.75,44.9,-4.2,800,2585.0,23,359.2,Audi e-tron,Level 2,Commuter,Monday
42.2,45.22,46.4,99.6,0.51,24.32,0.9,200,1195.0,19,194.56,BMW i3,DC Fast,Commuter,Wednesday
65.0,48.19,11.1,83.9,0.97,47.37,19.8,200,1800.0,23,378.96,Chevy Bolt EV,DC Fast,Commuter,Saturday
75.0,46.35,40.2,83.4,0.66,32.72,22.2,400,1844.0,19,261.76,Tesla Model 3,DC Fast,Commuter,Sunday
72.6,6.81,61.7,80.0,2.03,14.22,4.4,600,1800.0,8,113.76,Hyundai Ioniq 5,Level 2,Casual Driver,Sunday
65.0,7.0,33.0,90.8,5.61,37.61,20.6,400,1800.0,23,300.88,Chevy Bolt EV,Level 2,Casual Driver,Friday
77.4,48.29,64.6,81.3,0.28,12.95,20.7,1400,1960.0,23,103.6,Kia EV6,DC Fast,Long-Distance Traveler,Saturday
75.0,7.04,34.7,95.0,7.08,47.66,32.8,1000,1844.0,23,381.28,Tesla Model 3,Level 2,Commuter,Tuesday
95.0,48.48,31.0,93.8,1.48,67.31,-8.4,1400,2585.0,8,538.48,Audi e-tron,DC Fast,Commuter,Tuesday
75.0,7.16,13.0,82.8,8.1,56.84,0.3,600,1844.0,19,454.72,Tesla Model 3,Level 2,Commuter,Friday
40.0,6.5,44.9,79.6,2.17,14.38,10.9,800,1598.0,19,115.04,Nissan Leaf,Level 2,Commuter,Wednesday
75.0,45.58,8.0,84.5,1.33,58.26,16.2,600,1844.0,23,466.08,Tesla Model 3,DC Fast,Commuter,Thursday
95.0,45.55,25.6,97.7,1.68,72.47,6.2,1500,2585.0,23,579.76,Audi e-tron,DC Fast,Commuter,Sunday
42.2,3.3,42.0,90.0,6.72,21.12,29.9,1500,1195.0,19,168.96,BMW i3,Level 1,Long-Distance Traveler,Friday
75.0,47.17,65.7,84.6,0.36,15.08,5.2,800,1979.0,14,120.64,Tesla Model Y,DC Fast,Commuter,Sunday
100.0,7.06,60.5,78.8,2.78,19.29,8.2,200,2509.0,19,154.32,Tesla Model X,Level 2,Commuter,Friday
75.0,6.53,48.7,81.0,4.04,26.02,2.2,400,1844.0,14,208.16,Tesla Model 3,Level 2,Commuter,Monday
40.0,6.61,20.9,82.9,4.07,26.85,0.8,1000,1598.0,19,214.8,Nissan Leaf,Level 2,Commuter,Wednesday
75.0,7.05,40.7,82.9,4.75,33.25,32.0,1400,1979.0,8,266.0,Tesla Model Y,Level 2,Casual Driver,Saturday
65.0,6.46,48.8,78.3,3.05,19.9,11.4,1000,1800.0,8,159.2,Chevy Bolt EV,Level 2,Long-Distance Traveler,Friday
95.0,3.15,23.8,78.8,17.9,56.57,0.8,1400,2585.0,19,452.56,Audi e-tron,Level 1,Commuter,Friday
77.4,7.05,12.5,91.0,8.99,61.36,22.6,200,1960.0,23,490.88,Kia EV6,Level 2,Long-Distance Traveler,Tuesday
95.0,45.02,19.1,99.6,1.89,78.66,26.7,800,2585.0,23,629.28,Audi e-tron,DC Fast,Commuter,Friday
75.0,7.06,28.2,95.5,8.12,54.17,3.1,200,1844.0,19,433.36,Tesla Model 3,Level 2,Long-Distance Traveler,Friday
100.0,6.97,23.0,97.8,12.21,79.82,4.2,600,2509.0,23,638.56,Tesla Model X,Level 2,Casual Driver,Saturday
65.0,46.73,41.8,82.5,0.68,28.62,1.0,600,1800.0,8,228.96,Chevy Bolt EV,DC Fast,Commuter,Wednesday
75.0,48.94,30.0,99.9,1.15,54.06,12.6,200,1844.0,19,432.48,Tesla Model 3,DC Fast,Long-Distance Traveler,Sunday
75.0,48.59,33.6,94.8,0.91,46.59,16.2,200,1979.0,19,372.72,Tesla Model Y,DC Fast,Long-Distance Traveler,Saturday
75.0,6.7,15.2,78.5,7.45,50.2,33.4,200,1844.0,14,401.6,Tesla Model 3,Level 2,Commuter,Tuesday
75.0,6.82,48.5,84.6,4.35,28.96,3.5,400,1844.0,14,231.68,Tesla Model 3,Level 2,Commuter,Monday
75.0,47.57,30.1,99.4,1.22,52.64,23.0,400,1844.0,23,421.12,Tesla Model 3,DC Fast,Commuter,Thursday
42.2,7.18,9.3,81.7,4.38,30.84,22.4,200,1195.0,14,246.72,BMW i3,Level 2,Casual Driver,Saturday
100.0,3.15,41.0,79.8,13.27,41.8,37.9,800,2241.0,8,334.4,Tesla Model S,Level 1,Commuter,Friday
100.0,49.79,39.7,82.1,0.88,43.44,25.6,1200,2509.0,23,347.52,Tesla Model X,DC Fast,Casual Driver,Sunday
72.6,6.52,61.9,82.9,2.66,16.96,-5.1,200,1800.0,23,135.68,Hyundai Ioniq 5,Level 2,Casual Driver,Thursday
65.0,6.57,26.4,98.0,7.71,47.29,15.9,400,1800.0,23,378.32,Chevy Bolt EV,Level 2,Commuter,Tuesday
75.0,7.09,42.8,81.9,4.18,29.59,22.4,1000,1844.0,14,236.72,Tesla Model 3,Level 2,Commuter,Saturday
75.0,6.36,8.0,92.1,10.71,65.46,29.1,800,1844.0,19,523.68,Tesla Model 3,Level 2,Casual Driver,Tuesday
40.0,7.1,24.7,98.1,4.61,31.04,6.5,800,1598.0,23,248.32,Nissan Leaf,Level 2,Commuter,Saturday
75.0,44.97,12.6,81.2,1.3,55.3,2.7,800,1979.0,14,442.4,Tesla Model Y,DC Fast,Long-Distance Traveler,Monday
100.0,6.6,45.4,83.7,6.1,39.7,11.0,1400,2241.0,8,317.6,Tesla Model S,Level 2,Casual Driver,Saturday
72.6,49.15,39.0,82.5,0.68,34.4,40.5,1400,1800.0,19,275.2,Hyundai Ioniq 5,DC Fast,Long-Distance Traveler,Wednesday
40.0,6.48,18.3,79.0,4.07,26.33,0.2,400,1598.0,19,210.64,Nissan Leaf,Level 2,Commuter,Monday
75.0,6.41,21.2,82.5,7.31,46.32,18.1,1500,1979.0,14,370.56,Tesla Model Y,Level 2,Commuter,Tuesday
75.0,46.08,36.8,79.8,0.72,35.03,0.1,600,1979.0,19,280.24,Tesla Model Y,DC Fast,Casual Driver,Tuesday
65.0,6.44,31.1,81.9,5.59,35.93,-0.1,200,1800.0,14,287.44,Chevy Bolt EV,Level 2,Long-Distance Traveler,Tuesday
100.0,46.84,58.2,78.9,0.45,21.08,15.0,200,2241.0,14,168.64,Tesla Model S,DC Fast,Long-Distance Traveler,Thursday
100.0,47.89,43.0,96.4,1.26,55.45,10.7,600,2509.0,23,443.6,Tesla Model X,DC Fast,Commuter,Sunday
75.0,48.97,38.0,81.6,0.74,33.61,13.2,200,1844.0,19,268.88,Tesla Model 3,DC Fast,Commuter,Tuesday
75.0,45.13,27.4,94.3,1.28,52.95,6.7,200,1844.0,19,423.6,Tesla Model 3,DC Fast,Casual Driver,Sunday
72.6,6.83,17.7,81.3,7.0,47.25,25.7,1000,1800.0,8,378.0,Hyundai Ioniq 5,Level 2,Casual Driver,Saturday
65.0,48.73,22.1,83.7,0.82,40.77,24.5,400,1800.0,23,326.16,Chevy Bolt EV,DC Fast,Commuter,Tuesday
75.0,46.19,48.0,91.7,0.75,33.54,14.6,400,1979.0,23,268.32,Tesla Model Y,DC Fast,Casual Driver,Saturday
100.0,6.56,59.4,78.4,3.03,19.73,29.2,400,2241.0,23,157.84,Tesla Model S,Level 2,Commuter,Tuesday
100.0,46.35,38.5,83.1,0.93,45.18,16.3,1200,2241.0,23,361.44,Tesla Model S,DC Fast,Commuter,Tuesday
75.0,45.91,47.7,84.0,0.51,27.34,19.1,600,1844.0,19,218.72,Tesla Model 3,DC Fast,Commuter,Tuesday
75.0,6.42,52.7,79.8,3.32,21.01,27.5,400,1979.0,19,168.08,Tesla Model Y,Level 2,Commuter,Wednesday
100.0,6.93,19.7,80.1,9.45,65.48,0.7,1500,2241.0,23,523.84,Tesla Model S,Level 2,Commuter,Thursday
40.0,44.89,59.2,78.8,0.1,7.96,23.2,400,1598.0,19,63.68,Nissan Leaf,DC Fast,Long-Distance Traveler,Sunday
100.0,46.65,28.3,99.6,1.55,71.29,20.0,200,2509.0,23,570.32,Tesla Model X,DC Fast,Commuter,Friday
75.0,49.61,41.2,81.9,0.69,30.99,16.5,1000,1844.0,8,247.92,Tesla Model 3,DC Fast,Commuter,Friday
75.0,6.59,33.4,83.7,5.93,38.58,25.6,800,1844.0,19,308.64,Tesla Model 3,Level 2,Casual Driver,Tuesday
75.0,3.13,34.9,82.4,11.99,37.23,9.2,1200,1844.0,19,297.84,Tesla Model 3,Level 1,Casual Driver,Friday
40.0,47.44,12.9,84.9,0.54,28.88,19.2,800,1598.0,23,231.04,Nissan Leaf,DC Fast,Long-Distance Traveler,Wednesday
75.0,6.63,8.0,79.4,8.37,55.5,11.2,1200,1979.0,23,444.0,Tesla Model Y,Level 2,Casual Driver,Saturday
75.0,6.68,57.7,91.3,3.91,25.45,17.8,200,1979.0,19,203.6,Tesla Model Y,Level 2,Commuter,Tuesday
95.0,6.53,48.6,83.9,5.37,34.73,28.7,400,2585.0,23,277.84,Audi e-tron,Level 2,Commuter,Thursday
77.4,7.11,20.6,79.9,6.55,46.31,17.8,200,1960.0,23,370.48,Kia EV6,Level 2,Long-Distance Traveler,Wednesday
75.0,3.2,49.1,81.3,7.79,24.56,16.0,400,1844.0,19,196.48,Tesla Model 3,Level 1,Commuter,Tuesday
40.0,48.66,64.8,79.6,0.14,6.0,16.9,1200,1598.0,14,48.0,Nissan Leaf,DC Fast,Commuter,Tuesday
100.0,6.43,37.1,82.2,7.49,47.25,8.5,600,2241.0,23,378.0,Tesla Model S,Level 2,Commuter,Monday
75.0,6.83,8.0,97.3,10.56,68.01,23.8,200,1844.0,19,544.08,Tesla Model 3,Level 2,Commuter,Tuesday
65.0,49.22,51.0,80.9,0.52,20.14,11.4,1200,1800.0,23,161.12,Chevy Bolt EV,DC Fast,Commuter,Monday
100.0,2.97,41.2,79.0,13.33,39.7,8.2,1000,2241.0,8,317.6,Tesla Model S,Level 1,Casual Driver,Sunday
100.0,7.16,57.0,78.4,3.03,21.97,26.4,200,2509.0,23,175.76,Tesla Model X,Level 2,Casual Driver,Sunday
75.0,7.14,31.3,80.0,5.12,36.76,21.6,400,1979.0,14,294.08,Tesla Model Y,Level 2,Long-Distance Traveler,Tuesday
95.0,7.13,38.5,79.2,5.53,38.68,20.4,400,2585.0,14,309.44,Audi e-tron,Level 2,Commuter,Tuesday
40.0,6.71,18.9,94.7,5.11,32.85,0.9,1000,1598.0,23,262.8,Nissan Leaf,Level 2,Commuter,Friday
95.0,7.16,40.7,79.9,5.69,40.48,0.4,600,2585.0,14,323.84,Audi e-tron,Level 2,Commuter,Saturday
100.0,44.72,42.5,83.7,0.94,42.83,10.5,1000,2241.0,14,342.64,Tesla Model S,DC Fast,Commuter,Friday
42.2,6.44,15.1,83.7,4.63,29.23,17.8,1400,1195.0,19,233.84,BMW i3,Level 2,Commuter,Friday
75.0,6.93,20.5,95.2,8.84,57.61,26.8,800,1844.0,19,460.88,Tesla Model 3,Level 2,Commuter,Thursday
77.4,6.57,8.0,95.3,10.88,67.8,19.3,400,1960.0,23,542.4,Kia EV6,Level 2,Casual Driver,Thursday
40.0,6.46,21.2,82.5,3.91,25.01,25.0,400,1598.0,19,200.08,Nissan Leaf,Level 2,Commuter,Friday
75.0,2.94,47.0,79.0,8.21,24.23,22.6,800,1844.0,14,193.84,Tesla Model 3,Level 1,Commuter,Tuesday
72.6,6.46,8.0,92.4,11.2,69.41,-9.3,200,1800.0,23,555.28,Hyundai Ioniq 5,Level 2,Casual Driver,Thursday
65.0,6.55,39.5,92.3,5.5,34.41,19.4,1400,1800.0,8,275.28,Chevy Bolt EV,Level 2,Commuter,Saturday
100.0,7.1,73.2,84.8,1.66,12.02,9.8,400,2241.0,23,96.16,Tesla Model S,Level 2,Long-Distance Traveler,Tuesday
75.0,3.29,27.0,84.8,15.05,48.44,-6.2,400,1844.0,8,387.52,Tesla Model 3,Level 1,Long-Distance Traveler,Monday
75.0,47.62,54.1,83.3,0.5,22.92,9.0,400,1979.0,8,183.36,Tesla Model Y,DC Fast,Commuter,Monday
75.0,44.1,55.6,81.5,0.47,20.99,1.1,1400,1844.0,23,167.92,Tesla Model 3,DC Fast,Commuter,Friday
75.0,6.39,19.2,91.5,8.84,54.75,22.1,1400,1844.0,23,438.0,Tesla Model 3,Level 2,Commuter,Thursday
75.0,47.34,46.4,80.4,0.54,25.49,20.2,1500,1979.0,19,203.92,Tesla Model Y,DC Fast,Long-Distance Traveler,Sunday
100.0,2.98,17.2,98.0,30.0,86.73,2.7,200,2509.0,14,693.84,Tesla Model X,Level 1,Casual Driver,Wednesday
75.0,7.01,59.2,79.4,2.13,15.35,23.3,600,1979.0,19,122.8,Tesla Model Y,Level 2,Commuter,Wednesday
100.0,6.64,42.9,78.4,5.44,36.46,13.4,200,2241.0,8,291.68,Tesla Model S,Level 2,Casual Driver,Friday
75.0,6.4,40.7,93.0,6.59,40.11,25.4,800,1979.0,19,320.88,Tesla Model Y,Level 2,Commuter,Monday
95.0,6.94,44.1,79.0,4.91,34.29,11.8,400,2585.0,23,274.32,Audi e-tron,Level 2,Commuter,Sunday
75.0,6.61,22.4,84.1,7.31,47.69,12.9,800,1844.0,23,381.52,Tesla Model 3,Level 2,Commuter,Sunday
75.0,6.36,17.3,80.2,7.89,49.92,6.4,600,1979.0,19,399.36,Tesla Model Y,Level 2,Casual Driver,Saturday
75.0,6.55,31.5,92.5,8.43,52.43,-12.0,1400,1844.0,14,419.44,Tesla Model 3,Level 2,Commuter,Wednesday
65.0,6.92,39.4,80.8,4.03,28.21,31.4,1000,1800.0,14,225.68,Chevy Bolt EV,Level 2,Casual Driver,Tuesday
100.0,7.08,30.2,80.9,7.29,51.23,17.4,200,2509.0,14,409.84,Tesla Model X,Level 2,Commuter,Monday
75.0,3.07,29.0,82.5,13.45,41.11,26.2,600,1979.0,23,328.88,Tesla Model Y,Level 1,Casual Driver,Friday
75.0,7.0,29.7,79.4,5.8,40.48,0.0,400,1844.0,19,323.84,Tesla Model 3,Level 2,Commuter,Sunday
75.0,49.08,75.0,83.0,0.11,6.12,25.1,200,1844.0,14,48.96,Tesla Model 3,DC Fast,Commuter,Friday
75.0,3.24,49.0,82.4,8.14,25.91,28.1,1000,1979.0,19,207.28,Tesla Model Y,Level 1,Commuter,Sunday
100.0,49.01,36.4,98.2,1.47,68.68,-4.8,1000,2509.0,14,549.44,Tesla Model X,DC Fast,Casual Driver,Thursday
72.6,7.03,38.3,83.7,4.87,33.16,21.5,600,1800.0,23,265.28,Hyundai Ioniq 5,Level 2,Commuter,Thursday
65.0,6.93,24.6,80.8,5.59,38.68,6.1,400,1800.0,19,309.44,Chevy Bolt EV,Level 2,Casual Driver,Tuesday
65.0,3.01,46.7,95.8,11.63,33.35,9.3,800,1800.0,14,266.8,Chevy Bolt EV,Level 1,Casual Driver,Friday
72.6,6.4,27.8,78.8,6.05,38.75,8.7,1000,1800.0,23,310.0,Hyundai Ioniq 5,Level 2,Casual Driver,Wednesday
75.0,45.9,23.1,92.0,1.27,57.1,-3.8,1400,1844.0,23,456.8,Tesla Model 3,DC Fast,Commuter,Tuesday
75.0,3.21,61.7,82.9,5.15,16.27,14.6,1200,1979.0,23,130.16,Tesla Model Y,Level 1,Commuter,Saturday
75.0,6.46,21.6,82.9,7.71,49.56,1.9,800,1979.0,19,396.48,Tesla Model Y,Level 2,Commuter,Thursday
77.4,49.85,16.1,99.1,1.4,66.64,29.0,800,1960.0,23,533.12,Kia EV6,DC Fast,Commuter,Sunday
100.0,7.09,48.9,78.9,4.35,30.41,23.2,200,2241.0,23,243.28,Tesla Model S,Level 2,Casual Driver,Friday
100.0,45.89,53.4,97.6,0.98,45.04,15.2,200,2241.0,19,360.32,Tesla Model S,DC Fast,Long-Distance Traveler,Thursday
75.0,3.24,9.2,96.2,23.28,71.15,40.5,1400,1844.0,8,569.2,Tesla Model 3,Level 1,Casual Driver,Wednesday
75.0,7.02,35.0,98.2,7.24,48.02,16.7,1200,1844.0,14,384.16,Tesla Model 3,Level 2,Long-Distance Traveler,Tuesday
72.6,44.36,23.4,91.4,1.08,51.11,11.6,1000,1800.0,23,408.88,Hyundai Ioniq 5,DC Fast,Casual Driver,Wednesday
40.0,6.49,56.5,80.0,1.63,10.29,-0.9,800,1598.0,14,82.32,Nissan Leaf,Level 2,Casual Driver,Sunday
42.2,6.64,37.1,81.7,2.98,19.13,16.3,1000,1195.0,14,153.04,BMW i3,Level 2,Commuter,Wednesday
100.0,48.81,29.7,80.1,1.11,53.57,5.3,400,2241.0,14,428.56,Tesla Model S,DC Fast,Commuter,Wednesday
75.0,3.15,54.9,92.9,9.88,29.52,11.6,1200,1979.0,23,236.16,Tesla Model Y,Level 1,Long-Distance Traveler,Sunday
75.0,3.27,48.1,82.0,8.02,26.03,14.2,200,1844.0,23,208.24,Tesla Model 3,Level 1,Commuter,Friday
75.0,3.21,11.8,82.7,17.74,56.68,35.4,1400,1979.0,14,453.44,Tesla Model Y,Level 1,Long-Distance Traveler,Wednesday
77.4,6.83,35.4,97.8,7.53,48.61,21.7,1200,1960.0,23,388.88,Kia EV6,Level 2,Casual Driver,Wednesday
95.0,3.06,53.1,82.5,10.04,30.38,-0.2,800,2585.0,19,243.04,Audi e-tron,Level 1,Commuter,Saturday
100.0,6.73,30.5,97.2,10.52,67.47,17.3,1400,2241.0,23,539.76,Tesla Model S,Level 2,Casual Driver,Saturday
77.4,45.37,21.8,83.9,1.15,51.14,34.7,1200,1960.0,19,409.12,Kia EV6,DC Fast,Casual Driver,Tuesday
100.0,47.95,33.9,81.5,1.01,49.37,11.3,1000,2241.0,19,394.96,Tesla Model S,DC Fast,Commuter,Thursday
72.6,6.38,21.7,80.4,7.41,46.7,41.7,1200,1800.0,23,373.6,Hyundai Ioniq 5,Level 2,Commuter,Saturday
72.6,45.27,38.5,82.7,0.85,36.74,-12.0,1200,1800.0,14,293.92,Hyundai Ioniq 5,DC Fast,Casual Driver,Monday
42.2,48.1,21.0,94.1,0.72,33.34,1.6,800,1195.0,23,266.72,BMW i3,DC Fast,Commuter,Saturday
40.0,48.91,25.6,79.1,0.48,22.1,11.9,400,1598.0,23,176.8,Nissan Leaf,DC Fast,Commuter,Sunday
95.0,6.35,56.6,84.6,4.46,27.63,28.9,200,2585.0,23,221.04,Audi e-tron,Level 2,Casual Driver,Thursday
100.0,48.79,44.3,92.2,1.05,48.09,20.9,1400,2241.0,8,384.72,Tesla Model S,DC Fast,Casual Driver,Monday
95.0,47.34,43.0,90.2,0.96,45.59,16.0,600,2585.0,8,364.72,Audi e-tron,DC Fast,Casual Driver,Wednesday
40.0,7.08,33.4,94.5,3.78,25.54,9.2,1000,1598.0,14,204.32,Nissan Leaf,Level 2,Commuter,Sunday
75.0,6.74,28.0,97.1,8.67,54.62,7.5,200,1844.0,19,436.96,Tesla Model 3,Level 2,Casual Driver,Tuesday
100.0,6.68,40.2,80.6,6.06,40.62,18.8,600,2509.0,19,324.96,Tesla Model X,Level 2,Commuter,Saturday
75.0,3.09,15.4,83.0,16.71,50.98,18.6,600,1844.0,23,407.84,Tesla Model 3,Level 1,Commuter,Wednesday
77.4,6.83,44.8,97.3,6.95,44.77,-3.5,1200,1960.0,14,358.16,Kia EV6,Level 2,Casual Driver,Thursday
75.0,6.86,64.9,82.0,1.91,12.9,19.8,1400,1979.0,23,103.2,Tesla Model Y,Level 2,Casual Driver,Sunday
75.0,3.17,46.4,90.4,11.02,33.51,16.0,200,1979.0,19,268.08,Tesla Model Y,Level 1,Commuter,Sunday
40.0,3.27,31.3,84.9,6.76,22.16,28.4,600,1598.0,8,177.28,Nissan Leaf,Level 1,Casual Driver,Thursday
100.0,46.54,48.4,80.8,0.7,32.7,17.2,1200,2509.0,14,261.6,Tesla Model X,DC Fast,Long-Distance Traveler,Thursday
75.0,45.56,18.9,82.0,1.13,50.9,2.6,200,1844.0,23,407.2,Tesla Model 3,DC Fast,Long-Distance Traveler,Friday
42.2,7.16,28.8,83.6,3.3,23.5,24.0,600,1195.0,14,188.0,BMW i3,Level 2,Casual Driver,Thursday
75.0,6.96,35.4,90.5,6.62,44.73,38.9,200,1844.0,8,357.84,Tesla Model 3,Level 2,Commuter,Friday
75.0,7.16,19.1,84.4,7.8,54.88,-6.9,600,1979.0,8,439.04,Tesla Model Y,Level 2,Casual Driver,Wednesday
100.0,3.2,10.1,80.9,22.8,72.72,13.5,200,2241.0,19,581.76,Tesla Model S,Level 1,Commuter,Sunday
75.0,6.68,36.8,96.0,7.03,44.66,21.8,200,1844.0,14,357.28,Tesla Model 3,Level 2,Commuter,Sunday
95.0,47.97,26.7,81.4,1.05,53.34,13.5,200,2585.0,23,426.72,Audi e-tron,DC Fast,Casual Driver,Wednesday
77.4,6.99,52.6,81.0,3.54,24.34,-4.1,600,1960.0,8,194.72,Kia EV6,Level 2,Long-Distance Traveler,Friday
77.4,47.09,39.4,84.3,0.89,39.66,-11.0,400,1960.0,14,317.28,Kia EV6,DC Fast,Commuter,Sunday
72.6,48.66,22.7,84.6,1.05,47.8,5.2,1200,1800.0,23,382.4,Hyundai Ioniq 5,DC Fast,Commuter,Friday
65.0,7.1,20.9,97.2,7.56,50.21,17.2,600,1800.0,23,401.68,Chevy Bolt EV,Level 2,Long-Distance Traveler,Sunday
100.0,6.35,36.3,91.6,9.97,60.51,41.5,600,2241.0,14,484.08,Tesla Model S,Level 2,Casual Driver,Friday
75.0,45.07,41.0,84.7,0.76,34.67,33.6,400,1844.0,14,277.36,Tesla Model 3,DC Fast,Long-Distance Traveler,Wednesday
100.0,7.14,43.6,96.7,8.11,54.97,28.3,600,2509.0,19,439.76,Tesla Model X,Level 2,Casual Driver,Thursday
100.0,3.07,41.9,81.3,13.46,41.03,10.2,800,2241.0,19,328.24,Tesla Model S,Level 1,Commuter,Saturday
75.0,7.14,32.1,83.3,5.77,41.0,35.8,1500,1844.0,19,328.0,Tesla Model 3,Level 2,Casual Driver,Friday
75.0,7.07,47.7,84.6,4.18,29.5,4.5,800,1844.0,19,236.0,Tesla Model 3,Level 2,Commuter,Wednesday
65.0,48.0,59.3,78.7,0.19,12.89,26.1,1500,1800.0,19,103.12,Chevy Bolt EV,DC Fast,Commuter,Sunday
75.0,6.85,27.2,90.6,7.71,51.13,37.6,200,1844.0,8,409.04,Tesla Model 3,Level 2,Casual Driver,Monday
65.0,7.14,61.3,81.8,1.99,13.88,9.8,600,1800.0,23,111.04,Chevy Bolt EV,Level 2,Commuter,Saturday
75.0,6.53,38.7,80.0,4.79,31.59,14.6,1000,1844.0,19,252.72,Tesla Model 3,Level 2,Long-Distance Traveler,Monday
75.0,3.19,39.2,80.5,9.9,31.68,26.0,200,1844.0,14,253.44,Tesla Model 3,Level 1,Commuter,Tuesday
75.0,6.69,43.0,80.5,4.16,28.4,21.8,600,1844.0,23,227.2,Tesla Model 3,Level 2,Commuter,Sunday
40.0,2.92,39.4,79.1,5.79,16.88,5.4,1400,1598.0,14,135.04,Nissan Leaf,Level 1,Commuter,Sunday
100.0,6.86,43.7,83.2,5.78,39.73,18.5,600,2241.0,8,317.84,Tesla Model S,Level 2,Long-Distance Traveler,Tuesday
75.0,2.96,32.6,80.6,13.24,38.82,38.1,800,1979.0,19,310.56,Tesla Model Y,Level 1,Commuter,Friday
75.0,6.41,35.0,99.2,8.23,49.46,26.8,400,1979.0,19,395.68,Tesla Model Y,Level 2,Commuter,Tuesday
95.0,49.22,57.8,97.9,0.87,38.52,22.5,400,2585.0,19,308.16,Audi e-tron,DC Fast,Long-Distance Traveler,Wednesday
65.0,6.63,47.4,82.0,3.4,22.63,18.9,600,1800.0,23,181.04,Chevy Bolt EV,Level 2,Commuter,Thursday
100.0,6.71,38.4,90.0,8.51,54.75,34.2,800,2241.0,23,438.0,Tesla Model S,Level 2,Commuter,Wednesday
75.0,7.11,35.4,82.3,5.13,36.26,12.7,400,1844.0,19,290.08,Tesla Model 3,Level 2,Long-Distance Traveler,Tuesday
75.0,6.44,55.2,80.0,3.17,20.66,-4.2,200,1844.0,19,165.28,Tesla Model 3,Level 2,Long-Distance Traveler,Tuesday
100.0,6.75,27.4,92.0,10.06,65.04,18.4,400,2241.0,23,520.32,Tesla Model S,Level 2,Casual Driver,Saturday
100.0,7.0,19.1,82.4,9.46,65.61,11.1,400,2241.0,23,524.88,Tesla Model S,Level 2,Commuter,Friday
75.0,6.41,65.1,84.1,2.32,14.34,18.6,200,1979.0,19,114.72,Tesla Model Y,Level 2,Commuter,Friday
40.0,7.08,30.3,93.5,3.85,25.56,17.1,1400,1598.0,23,204.48,Nissan Leaf,Level 2,Commuter,Friday
40.0,7.1,39.3,78.2,2.28,16.13,11.1,1000,1598.0,23,129.04,Nissan Leaf,Level 2,Commuter,Thursday
100.0,7.1,20.2,79.9,8.81,62.46,8.9,800,2241.0,19,499.68,Tesla Model S,Level 2,Casual Driver,Wednesday
100.0,47.77,45.1,82.1,0.9,38.93,7.6,200,2509.0,14,311.44,Tesla Model X,DC Fast,Commuter,Thursday
75.0,6.8,32.8,96.4,7.7,49.47,11.2,400,1844.0,8,395.76,Tesla Model 3,Level 2,Commuter,Saturday
42.2,6.94,28.9,94.0,4.42,29.04,6.7,1000,1195.0,19,232.32,BMW i3,Level 2,Long-Distance Traveler,Sunday
75.0,48.87,70.7,94.6,0.44,18.45,12.8,600,1844.0,14,147.6,Tesla Model 3,DC Fast,Commuter,Sunday
40.0,47.23,54.4,79.9,0.16,10.55,11.6,400,1598.0,23,84.4,Nissan Leaf,DC Fast,Casual Driver,Saturday
65.0,3.29,15.2,98.3,18.07,55.94,11.2,1000,1800.0,23,447.52,Chevy Bolt EV,Level 1,Long-Distance Traveler,Thursday
65.0,6.48,29.8,91.9,6.83,42.63,7.0,400,1800.0,14,341.04,Chevy Bolt EV,Level 2,Casual Driver,Monday
100.0,6.8,50.3,93.0,6.6,42.74,20.5,1200,2241.0,19,341.92,Tesla Model S,Level 2,Commuter,Thursday
100.0,3.23,17.4,97.4,26.49,80.75,22.4,800,2509.0,8,646.0,Tesla Model X,Level 1,Casual Driver,Saturday
75.0,46.79,8.0,79.3,1.09,54.15,17.0,400,1979.0,23,433.2,Tesla Model Y,DC Fast,Casual Driver,Tuesday
100.0,45.47,16.8,79.6,1.41,65.57,9.4,800,2241.0,23,524.56,Tesla Model S,DC Fast,Commuter,Saturday
100.0,3.12,49.4,90.4,14.7,44.3,1.3,1000,2509.0,14,354.4,Tesla Model X,Level 1,Commuter,Friday
75.0,47.77,33.1,81.3,0.83,36.68,23.5,600,1844.0,19,293.44,Tesla Model 3,DC Fast,Casual Driver,Friday
75.0,6.71,42.2,80.3,4.64,31.14,-0.8,600,1979.0,19,249.12,Tesla Model Y,Level 2,Commuter,Monday
75.0,6.82,30.0,83.3,6.21,42.09,7.7,400,1844.0,19,336.72,Tesla Model 3,Level 2,Commuter,Tuesday
42.2,6.85,46.1,81.7,2.23,15.46,27.2,400,1195.0,8,123.68,BMW i3,Level 2,Commuter,Sunday
75.0,6.37,32.3,84.9,6.93,43.28,-1.8,200,1844.0,23,346.24,Tesla Model 3,Level 2,Commuter,Wednesday
75.0,6.52,12.5,96.5,11.31,70.01,-5.0,1500,1979.0,23,560.08,Tesla Model Y,Level 2,Commuter,Tuesday
100.0,49.56,50.8,81.1,0.59,30.63,22.6,1000,2241.0,8,245.04,Tesla Model S,DC Fast,Casual Driver,Friday
75.0,6.49,34.2,93.3,7.3,45.49,26.8,600,1979.0,14,363.92,Tesla Model Y,Level 2,Commuter,Tuesday
77.4,6.78,50.9,82.9,3.81,25.42,13.6,200,1960.0,23,203.36,Kia EV6,Level 2,Commuter,Sunday
40.0,6.99,56.7,96.3,2.49,16.61,8.3,600,1598.0,19,132.88,Nissan Leaf,Level 2,Commuter,Friday
75.0,6.49,29.9,82.8,6.33,40.42,15.3,600,1844.0,14,323.36,Tesla Model 3,Level 2,Long-Distance Traveler,Tuesday
75.0,46.26,55.6,80.1,0.48,20.74,-8.1,1000,1979.0,23,165.92,Tesla Model Y,DC Fast,Long-Distance Traveler,Friday
75.0,6.36,19.8,82.7,7.81,50.04,5.6,800,1979.0,19,400.32,Tesla Model Y,Level 2,Commuter,Wednesday
75.0,3.25,16.3,84.5,16.66,53.55,8.8,400,1979.0,14,428.4,Tesla Model Y,Level 1,Commuter,Saturday
40.0,7.02,43.1,78.2,2.22,15.13,1.9,1500,1598.0,8,121.04,Nissan Leaf,Level 2,Long-Distance Traveler,Tuesday
100.0,6.53,31.4,78.6,7.45,49.03,10.5,800,2241.0,23,392.24,Tesla Model S,Level 2,Commuter,Wednesday
75.0,44.01,8.0,92.9,1.63,73.02,-12.0,1200,1844.0,23,584.16,Tesla Model 3,DC Fast,Commuter,Monday
100.0,45.88,31.2,98.1,1.69,69.11,12.1,800,2509.0,14,552.88,Tesla Model X,DC Fast,Commuter,Friday
77.4,46.87,27.7,81.5,0.88,41.95,18.3,1200,1960.0,23,335.6,Kia EV6,DC Fast,Commuter,Thursday
75.0,3.14,29.6,94.2,17.8,53.16,-2.4,1200,1844.0,8,425.28,Tesla Model 3,Level 1,Commuter,Monday
72.6,46.8,30.4,92.5,1.12,49.84,-3.7,600,1800.0,19,398.72,Hyundai Ioniq 5,DC Fast,Commuter,Monday
75.0,48.47,41.9,79.1,0.49,28.24,16.6,400,1979.0,8,225.92,Tesla Model Y,DC Fast,Casual Driver,Tuesday
75.0,7.1,41.4,92.8,5.89,39.74,12.7,200,1979.0,8,317.92,Tesla Model Y,Level 2,Long-Distance Traveler,Monday
95.0,7.15,57.2,81.1,3.51,25.17,-3.6,600,2585.0,19,201.36,Audi e-tron,Level 2,Long-Distance Traveler,Monday
75.0,45.04,50.1,95.4,0.78,34.77,14.3,600,1979.0,19,278.16,Tesla Model Y,DC Fast,Casual Driver,Monday
65.0,3.3,54.4,97.7,9.49,29.21,29.0,800,1800.0,19,233.68,Chevy Bolt EV,Level 1,Long-Distance Traveler,Friday
100.0,6.4,41.7,79.5,6.05,39.05,12.5,600,2509.0,19,312.4,Tesla Model X,Level 2,Commuter,Friday
72.6,6.53,45.7,80.4,3.91,25.26,20.6,400,1800.0,14,202.08,Hyundai Ioniq 5,Level 2,Commuter,Wednesday
40.0,6.66,45.3,96.7,3.44,21.48,30.6,400,1598.0,14,171.84,Nissan Leaf,Level 2,Commuter,Thursday
40.0,47.7,40.0,80.1,0.28,16.33,24.7,1400,1598.0,14,130.64,Nissan Leaf,DC Fast,Casual Driver,Thursday
100.0,6.41,37.3,83.5,7.79,48.86,33.8,200,2241.0,14,390.88,Tesla Model S,Level 2,Casual Driver,Wednesday
65.0,45.29,30.9,83.6,0.84,36.3,34.2,1500,1800.0,23,290.4,Chevy Bolt EV,DC Fast,Long-Distance Traveler,Thursday
40.0,49.02,44.4,97.1,0.47,21.67,13.1,1000,1598.0,23,173.36,Nissan Leaf,DC Fast,Commuter,Saturday
100.0,6.58,48.4,99.5,8.52,51.88,16.3,800,2241.0,8,415.04,Tesla Model S,Level 2,Long-Distance Traveler,Wednesday
75.0,7.18,41.1,95.0,6.74,46.39,-12.0,1200,1844.0,8,371.12,Tesla Model 3,Level 2,Commuter,Monday
42.2,47.59,50.8,81.6,0.28,13.05,21.1,1000,1195.0,23,104.4,BMW i3,DC Fast,Commuter,Saturday
77.4,45.76,21.3,94.4,1.32,57.47,23.9,200,1960.0,14,459.76,Kia EV6,DC Fast,Commuter,Tuesday
75.0,6.68,20.7,83.7,7.23,48.06,24.2,800,1979.0,23,384.48,Tesla Model Y,Level 2,Commuter,Friday
75.0,3.11,44.0,100.0,14.4,42.14,20.9,600,1979.0,8,337.12,Tesla Model Y,Level 1,Casual Driver,Tuesday
95.0,6.78,40.0,84.8,6.38,42.91,17.9,400,2585.0,14,343.28,Audi e-tron,Level 2,Commuter,Sunday
75.0,6.41,17.8,79.1,7.23,46.51,22.9,600,1979.0,19,372.08,Tesla Model Y,Level 2,Long-Distance Traveler,Saturday
77.4,47.61,25.3,94.3,1.25,54.93,13.2,1200,1960.0,8,439.44,Kia EV6,DC Fast,Long-Distance Traveler,Tuesday
75.0,49.39,41.7,79.4,0.54,28.62,23.3,800,1979.0,23,228.96,Tesla Model Y,DC Fast,Commuter,Thursday
42.2,6.59,75.0,83.2,0.58,3.76,1.3,600,1195.0,23,30.08,BMW i3,Level 2,Commuter,Sunday
72.6,6.59,27.8,80.0,6.24,41.48,-1.6,200,1800.0,8,331.84,Hyundai Ioniq 5,Level 2,Casual Driver,Sunday
42.2,6.41,52.4,83.3,2.13,14.01,2.8,1500,1195.0,14,112.08,BMW i3,Level 2,Commuter,Sunday
75.0,47.61,8.0,84.5,1.3,60.64,6.6,400,1844.0,19,485.12,Tesla Model 3,DC Fast,Casual Driver,Tuesday
40.0,6.56,40.4,78.1,2.63,17.31,-12.0,1400,1598.0,23,138.48,Nissan Leaf,Level 2,Commuter,Tuesday
100.0,45.66,43.2,82.3,0.84,41.18,32.5,1000,2509.0,19,329.44,Tesla Model X,DC Fast,Casual Driver,Monday
75.0,6.57,26.6,79.8,6.43,41.98,7.8,1000,1844.0,23,335.84,Tesla Model 3,Level 2,Casual Driver,Saturday
75.0,6.85,10.6,84.5,8.99,60.65,-1.3,400,1979.0,23,485.2,Tesla Model Y,Level 2,Commuter,Wednesday
100.0,49.54,35.2,85.0,1.1,52.71,6.2,1400,2241.0,23,421.68,Tesla Model S,DC Fast,Casual Driver,Tuesday
95.0,6.8,20.0,97.2,12.0,76.97,8.2,1400,2585.0,23,615.76,Audi e-tron,Level 2,Commuter,Sunday
75.0,3.13,41.9,82.1,9.84,30.43,21.9,400,1844.0,23,243.44,Tesla Model 3,Level 1,Commuter,Thursday
77.4,47.78,49.5,95.9,0.78,37.28,10.8,800,1960.0,14,298.24,Kia EV6,DC Fast,Commuter,Sunday
100.0,6.86,40.2,84.8,6.6,45.06,17.6,800,2509.0,23,360.48,Tesla Model X,Level 2,Commuter,Saturday
100.0,3.27,33.1,78.4,14.17,46.33,25.2,600,2509.0,14,370.64,Tesla Model X,Level 1,Commuter,Wednesday
75.0,6.66,46.3,81.6,4.16,26.99,14.8,1000,1844.0,23,215.92,Tesla Model 3,Level 2,Commuter,Wednesday
75.0,6.7,52.9,81.0,3.27,21.88,29.5,1200,1844.0,19,175.04,Tesla Model 3,Level 2,Casual Driver,Friday
100.0,6.65,36.2,80.3,6.84,45.06,24.9,1400,2509.0,19,360.48,Tesla Model X,Level 2,Commuter,Monday
72.6,6.59,15.1,98.5,10.77,66.93,-3.8,800,1800.0,19,535.44,Hyundai Ioniq 5,Level 2,Casual Driver,Thursday
75.0,6.83,29.7,96.3,8.28,53.85,38.0,200,1844.0,23,430.8,Tesla Model 3,Level 2,Long-Distance Traveler,Sunday
72.6,6.74,32.3,95.2,7.32,46.86,13.8,1000,1800.0,8,374.88,Hyundai Ioniq 5,Level 2,Long-Distance Traveler,Friday
95.0,6.67,52.4,79.4,4.11,27.25,5.2,1200,2585.0,8,218.0,Audi e-tron,Level 2,Commuter,Wednesday
75.0,6.63,50.2,99.9,6.19,38.53,28.1,1000,1979.0,23,308.24,Tesla Model Y,Level 2,Commuter,Friday
100.0,3.22,44.5,91.7,15.28,47.25,20.2,200,2241.0,19,378.0,Tesla Model S,Level 1,Commuter,Thursday
100.0,3.22,20.4,82.1,19.69,63.06,14.4,1500,2241.0,23,504.48,Tesla Model S,Level 1,Long-Distance Traveler,Tuesday
40.0,6.37,42.9,92.3,3.17,20.03,16.7,800,1598.0,23,160.24,Nissan Leaf,Level 2,Long-Distance Traveler,Sunday
75.0,6.73,29.7,95.1,7.77,49.88,15.8,400,1844.0,8,399.04,Tesla Model 3,Level 2,Commuter,Tuesday
75.0,44.47,31.9,97.6,1.18,49.59,18.5,1000,1844.0,19,396.72,Tesla Model 3,DC Fast,Long-Distance Traveler,Wednesday
75.0,47.08,49.0,79.1,0.41,22.83,17.6,400,1979.0,23,182.64,Tesla Model Y,DC Fast,Long-Distance Traveler,Tuesday
75.0,6.81,35.1,79.0,4.91,33.52,24.4,800,1844.0,23,268.16,Tesla Model 3,Level 2,Casual Driver,Sunday
100.0,44.32,35.0,84.9,1.1,50.89,15.5,200,2241.0,8,407.12,Tesla Model S,DC Fast,Casual Driver,Monday
100.0,44.26,35.6,94.1,1.55,62.69,3.5,1400,2241.0,23,501.52,Tesla Model S,DC Fast,Casual Driver,Wednesday
100.0,6.98,11.4,79.5,10.09,70.11,12.9,200,2241.0,23,560.88,Tesla Model S,Level 2,Commuter,Tuesday
75.0,6.92,48.3,82.3,3.95,27.07,5.6,800,1844.0,8,216.56,Tesla Model 3,Level 2,Long-Distance Traveler,Friday
75.0,7.13,17.2,94.2,8.54,58.41,22.9,200,1844.0,23,467.28,Tesla Model 3,Level 2,Commuter,Friday
75.0,48.7,41.8,82.4,0.62,30.66,21.7,400,1844.0,14,245.28,Tesla Model 3,DC Fast,Long-Distance Traveler,Wednesday
40.0,7.04,51.0,98.9,2.93,19.37,22.9,1400,1598.0,23,154.96,Nissan Leaf,Level 2,Commuter,Saturday
77.4,6.36,33.7,81.5,6.26,39.45,4.1,600,1960.0,23,315.6,Kia EV6,Level 2,Commuter,Wednesday
77.4,44.56,36.7,83.6,0.78,37.29,13.4,1200,1960.0,14,298.32,Kia EV6,DC Fast,Commuter,Saturday
100.0,3.29,18.3,81.5,20.1,66.22,8.6,1000,2509.0,8,529.76,Tesla Model X,Level 1,Long-Distance Traveler,Thursday
75.0,46.32,39.8,82.2,0.75,35.97,-9.0,800,1844.0,19,287.76,Tesla Model 3,DC Fast,Casual Driver,Thursday
40.0,6.48,44.5,84.5,2.74,17.64,-3.5,200,1598.0,23,141.12,Nissan Leaf,Level 2,Commuter,Saturday
75.0,6.73,29.7,79.0,5.63,37.87,14.0,1200,1979.0,19,302.96,Tesla Model Y,Level 2,Commuter,Thursday
77.4,6.43,36.4,91.5,6.94,43.02,17.9,1400,1960.0,8,344.16,Kia EV6,Level 2,Casual Driver,Monday
75.0,6.85,8.0,83.4,8.38,56.8,21.1,1000,1844.0,19,454.4,Tesla Model 3,Level 2,Commuter,Wednesday
42.2,44.04,35.7,82.6,0.54,21.0,5.6,800,1195.0,19,168.0,BMW i3,DC Fast,Commuter,Saturday
100.0,3.29,40.7,81.9,12.67,41.56,17.6,400,2241.0,23,332.48,Tesla Model S,Level 1,Long-Distance Traveler,Tuesday
100.0,46.54,29.7,81.7,1.34,57.62,-4.3,800,2241.0,23,460.96,Tesla Model S,DC Fast,Commuter,Monday
40.0,3.0,47.7,98.9,7.86,22.36,-0.9,400,1598.0,19,178.88,Nissan Leaf,Level 1,Casual Driver,Monday
100.0,7.05,36.7,78.5,6.44,45.32,0.6,600,2241.0,23,362.56,Tesla Model S,Level 2,Long-Distance Traveler,Wednesday
40.0,47.19,8.0,91.6,0.6,33.55,19.2,1500,1598.0,19,268.4,Nissan Leaf,DC Fast,Commuter,Saturday
75.0,44.09,64.3,98.9,0.56,26.89,28.9,200,1979.0,19,215.12,Tesla Model Y,DC Fast,Long-Distance Traveler,Thursday
75.0,6.9,25.0,78.9,6.02,41.51,13.3,200,1979.0,23,332.08,Tesla Model Y,Level 2,Commuter,Thursday
75.0,3.16,54.5,90.1,9.15,27.91,31.2,600,1979.0,23,223.28,Tesla Model Y,Level 1,Casual Driver,Sunday
100.0,2.93,8.0,96.3,30.0,89.33,22.9,800,2241.0,23,714.64,Tesla Model S,Level 1,Casual Driver,Wednesday
65.0,3.24,27.1,78.8,10.63,34.5,13.8,400,1800.0,23,276.0,Chevy Bolt EV,Level 1,Commuter,Sunday
100.0,3.01,32.7,93.2,21.9,63.09,9.6,1200,2509.0,19,504.72,Tesla Model X,Level 1,Commuter,Wednesday
100.0,6.95,67.5,84.1,2.59,17.39,9.0,200,2509.0,23,139.12,Tesla Model X,Level 2,Commuter,Monday
42.2,7.02,27.6,80.9,3.5,24.65,-1.9,200,1195.0,8,197.2,BMW i3,Level 2,Casual Driver,Friday
72.6,2.98,8.0,80.4,18.05,53.73,25.3,200,1800.0,23,429.84,Hyundai Ioniq 5,Level 1,Commuter,Sunday
75.0,7.04,40.4,80.6,4.37,30.38,18.1,200,1844.0,14,243.04,Tesla Model 3,Level 2,Commuter,Tuesday
100.0,45.69,15.7,83.8,1.6,68.81,17.3,1200,2241.0,23,550.48,Tesla Model S,DC Fast,Commuter,Tuesday
100.0,46.89,60.2,81.2,0.46,23.31,-5.0,200,2509.0,23,186.48,Tesla Model X,DC Fast,Long-Distance Traveler,Saturday
42.2,45.77,29.8,92.5,0.68,27.8,31.8,800,1195.0,19,222.4,BMW i3,DC Fast,Commuter,Monday
77.4,6.48,30.5,96.2,8.77,53.48,32.2,1200,1960.0,8,427.84,Kia EV6,Level 2,Commuter,Thursday
77.4,6.76,48.0,81.5,3.91,26.27,23.4,400,1960.0,19,210.16,Kia EV6,Level 2,Casual Driver,Wednesday
72.6,44.59,26.7,82.9,0.96,42.79,31.4,800,1800.0,19,342.32,Hyundai Ioniq 5,DC Fast,Long-Distance Traveler,Wednesday
100.0,44.11,56.4,95.2,1.0,40.35,29.9,400,2241.0,23,322.8,Tesla Model S,DC Fast,Casual Driver,Thursday
77.4,6.65,39.3,81.7,5.26,34.5,7.8,400,1960.0,23,276.0,Kia EV6,Level 2,Commuter,Monday
100.0,45.32,8.0,80.2,1.6,72.46,19.1,1000,2241.0,23,579.68,Tesla Model S,DC Fast,Commuter,Thursday
75.0,3.13,21.7,82.6,15.67,48.85,3.7,200,1844.0,19,390.8,Tesla Model 3,Level 1,Long-Distance Traveler,Thursday
77.4,46.3,38.6,79.9,0.76,32.25,17.8,400,1960.0,23,258.0,Kia EV6,DC Fast,Commuter,Monday
100.0,46.57,44.4,81.8,0.93,37.78,18.1,1200,2241.0,14,302.24,Tesla Model S,DC Fast,Commuter,Wednesday
40.0,44.07,37.5,96.4,0.57,24.64,31.0,800,1598.0,19,197.12,Nissan Leaf,DC Fast,Long-Distance Traveler,Tuesday
75.0,6.44,19.8,98.8,9.83,59.38,20.4,400,1844.0,14,475.04,Tesla Model 3,Level 2,Long-Distance Traveler,Tuesday
65.0,6.71,51.9,84.2,3.22,21.52,13.9,1000,1800.0,8,172.16,Chevy Bolt EV,Level 2,Casual Driver,Wednesday
95.0,3.05,26.9,97.3,24.07,68.98,12.3,400,2585.0,8,551.84,Audi e-tron,Level 1,Long-Distance Traveler,Friday
100.0,46.97,44.9,98.6,1.23,55.66,11.4,800,2241.0,8,445.28,Tesla Model S,DC Fast,Casual Driver,Tuesday
100.0,3.28,50.6,97.1,15.13,46.94,22.5,1500,2509.0,8,375.52,Tesla Model X,Level 1,Commuter,Wednesday
100.0,6.4,13.6,95.9,13.97,84.86,27.3,1000,2509.0,19,678.88,Tesla Model X,Level 2,Commuter,Tuesday
65.0,3.25,28.0,91.4,14.22,44.2,36.6,1400,1800.0,8,353.6,Chevy Bolt EV,Level 1,Casual Driver,Saturday
100.0,6.34,45.0,98.5,9.37,55.78,9.8,1200,2241.0,19,446.24,Tesla Model S,Level 2,Commuter,Tuesday
75.0,46.11,34.3,78.6,0.83,34.36,28.1,1200,1844.0,23,274.88,Tesla Model 3,DC Fast,Long-Distance Traveler,Thursday
75.0,2.93,36.1,90.8,15.45,43.59,5.0,200,1979.0,19,348.72,Tesla Model Y,Level 1,Commuter,Friday
100.0,3.2,30.0,96.7,23.59,71.05,4.8,200,2241.0,23,568.4,Tesla Model S,Level 1,Long-Distance Traveler,Tuesday
95.0,49.07,58.2,82.6,0.61,24.49,6.3,600,2585.0,23,195.92,Audi e-tron,DC Fast,Long-Distance Traveler,Friday
100.0,6.58,28.1,82.8,8.41,55.2,22.4,200,2241.0,14,441.6,Tesla Model S,Level 2,Long-Distance Traveler,Monday
75.0,45.86,37.8,80.8,0.64,33.04,14.3,1000,1979.0,23,264.32,Tesla Model Y,DC Fast,Casual Driver,Tuesday
72.6,44.7,41.4,82.9,0.66,30.17,19.5,400,1800.0,19,241.36,Hyundai Ioniq 5,DC Fast,Casual Driver,Saturday
40.0,47.4,30.4,81.7,0.49,20.93,24.9,200,1598.0,23,167.44,Nissan Leaf,DC Fast,Commuter,Saturday
95.0,6.61,39.9,96.6,9.8,61.37,-10.5,200,2585.0,23,490.96,Audi e-tron,Level 2,Commuter,Monday
72.6,6.87,44.9,83.2,4.15,28.43,25.7,1200,1800.0,23,227.44,Hyundai Ioniq 5,Level 2,Long-Distance Traveler,Thursday
65.0,6.7,53.6,80.2,2.66,17.78,13.0,200,1800.0,8,142.24,Chevy Bolt EV,Level 2,Commuter,Tuesday
40.0,6.97,34.8,84.0,2.94,20.43,10.9,200,1598.0,19,163.44,Nissan Leaf,Level 2,Casual Driver,Monday
77.4,6.98,23.1,95.2,8.8,57.89,11.1,600,1960.0,14,463.12,Kia EV6,Level 2,Casual Driver,Sunday
77.4,6.96,34.4,81.7,5.28,36.87,21.7,600,1960.0,14,294.96,Kia EV6,Level 2,Casual Driver,Friday
75.0,3.16,56.4,97.2,10.49,31.51,12.7,400,1979.0,23,252.08,Tesla Model Y,Level 1,Casual Driver,Sunday
75.0,48.33,22.2,84.2,1.01,46.52,20.3,200,1844.0,19,372.16,Tesla Model 3,DC Fast,Commuter,Sunday
100.0,45.86,23.3,92.7,1.83,79.58,-12.0,1000,2241.0,14,636.64,Tesla Model S,DC Fast,Commuter,Thursday
75.0,6.8,25.8,82.4,6.67,45.17,4.9,1200,1844.0,23,361.36,Tesla Model 3,Level 2,Commuter,Wednesday
100.0,6.35,30.0,81.7,8.41,52.9,25.8,200,2509.0,19,423.2,Tesla Model X,Level 2,Casual Driver,Friday
75.0,6.54,29.0,96.1,8.25,51.18,23.9,600,1844.0,23,409.44,Tesla Model 3,Level 2,Commuter,Tuesday
40.0,7.11,28.0,94.8,4.29,28.88,1.3,1000,1598.0,8,231.04,Nissan Leaf,Level 2,Commuter,Saturday
100.0,6.59,18.9,92.3,13.22,84.14,-12.0,800,2509.0,19,673.12,Tesla Model X,Level 2,Casual Driver,Tuesday
95.0,49.36,57.1,78.0,0.5,19.95,18.9,1400,2585.0,19,159.6,Audi e-tron,DC Fast,Commuter,Tuesday
77.4,6.45,39.8,81.1,5.35,34.04,4.9,400,1960.0,23,272.32,Kia EV6,Level 2,Casual Driver,Sunday
75.0,2.93,48.6,78.9,8.02,23.28,26.0,200,1979.0,23,186.24,Tesla Model Y,Level 1,Commuter,Monday
100.0,6.67,20.1,91.2,12.17,78.49,-3.6,400,2241.0,23,627.92,Tesla Model S,Level 2,Commuter,Wednesday
75.0,49.46,40.9,80.6,0.6,32.17,1.4,600,1979.0,19,257.36,Tesla Model Y,DC Fast,Commuter,Wednesday
95.0,6.95,32.3,80.1,6.8,47.02,28.6,800,2585.0,23,376.16,Audi e-tron,Level 2,Commuter,Saturday
100.0,6.58,28.1,83.4,9.08,58.91,35.3,400,2509.0,23,471.28,Tesla Model X,Level 2,Commuter,Thursday
75.0,6.45,52.5,79.5,3.34,21.47,6.6,800,1979.0,19,171.76,Tesla Model Y,Level 2,Casual Driver,Thursday
100.0,6.41,35.8,99.5,10.76,64.44,23.1,1200,2241.0,23,515.52,Tesla Model S,Level 2,Commuter,Wednesday
75.0,2.97,24.2,79.0,14.21,42.41,27.4,400,1979.0,19,339.28,Tesla Model Y,Level 1,Casual Driver,Friday
100.0,47.99,8.0,83.2,1.58,77.48,27.5,1200,2509.0,23,619.84,Tesla Model X,DC Fast,Commuter,Friday
100.0,6.91,50.6,78.4,4.09,27.98,18.6,200,2241.0,8,223.84,Tesla Model S,Level 2,Commuter,Thursday
75.0,6.9,38.1,95.9,6.71,43.74,17.9,400,1979.0,14,349.92,Tesla Model Y,Level 2,Casual Driver,Wednesday
100.0,6.56,27.3,80.6,8.13,53.36,20.0,400,2241.0,14,426.88,Tesla Model S,Level 2,Long-Distance Traveler,Saturday
100.0,6.89,18.5,83.3,9.58,65.51,22.8,1200,2509.0,19,524.08,Tesla Model X,Level 2,Casual Driver,Saturday
75.0,7.17,33.5,79.9,5.0,36.24,29.7,800,1979.0,23,289.92,Tesla Model Y,Level 2,Commuter,Sunday
65.0,44.8,48.9,82.4,0.48,22.68,10.2,1000,1800.0,8,181.44,Chevy Bolt EV,DC Fast,Commuter,Sunday
100.0,46.36,47.6,92.4,1.2,48.37,38.3,600,2241.0,19,386.96,Tesla Model S,DC Fast,Casual Driver,Monday
72.6,7.16,29.3,81.8,5.55,40.25,33.5,1000,1800.0,19,322.0,Hyundai Ioniq 5,Level 2,Casual Driver,Sunday
95.0,7.11,28.1,84.6,7.71,53.83,19.0,400,2585.0,8,430.64,Audi e-tron,Level 2,Casual Driver,Thursday
75.0,6.71,29.5,81.8,6.01,40.23,13.8,1000,1844.0,23,321.84,Tesla Model 3,Level 2,Casual Driver,Thursday
100.0,7.09,23.0,97.3,11.65,77.89,8.4,1200,2241.0,23,623.12,Tesla Model S,Level 2,Casual Driver,Monday
75.0,6.94,42.8,84.8,4.81,32.35,13.0,1200,1979.0,19,258.8,Tesla Model Y,Level 2,Commuter,Saturday
75.0,6.53,63.4,99.4,4.73,28.41,7.1,1000,1844.0,19,227.28,Tesla Model 3,Level 2,Commuter,Friday
100.0,3.21,14.7,83.6,21.92,69.59,17.5,200,2509.0,19,556.72,Tesla Model X,Level 1,Commuter,Monday
65.0,6.44,73.5,92.7,2.06,13.41,3.0,200,1800.0,8,107.28,Chevy Bolt EV,Level 2,Commuter,Tuesday
40.0,49.34,15.5,78.7,0.53,25.93,26.2,400,1598.0,23,207.44,Nissan Leaf,DC Fast,Casual Driver,Monday
40.0,47.05,17.0,83.3,0.6,26.85,23.3,800,1598.0,8,214.8,Nissan Leaf,DC Fast,Commuter,Friday
65.0,7.08,35.3,98.9,6.27,41.74,22.5,400,1800.0,19,333.92,Chevy Bolt EV,Level 2,Casual Driver,Thursday
75.0,6.35,31.1,82.5,6.64,41.63,1.3,200,1844.0,14,333.04,Tesla Model 3,Level 2,Casual Driver,Sunday
100.0,45.35,8.0,78.9,1.6,71.37,18.4,600,2509.0,23,570.96,Tesla Model X,DC Fast,Casual Driver,Thursday
40.0,2.92,33.1,80.5,6.69,19.79,9.4,1000,1598.0,19,158.32,Nissan Leaf,Level 1,Commuter,Monday
95.0,6.75,52.8,92.6,5.95,38.1,17.9,200,2585.0,23,304.8,Audi e-tron,Level 2,Commuter,Sunday
75.0,49.4,26.3,97.3,1.19,55.41,10.3,1000,1979.0,19,443.28,Tesla Model Y,DC Fast,Commuter,Friday
100.0,44.25,40.5,78.1,0.9,39.61,7.1,600,2241.0,19,316.88,Tesla Model S,DC Fast,Commuter,Wednesday
75.0,3.06,25.1,81.8,15.23,46.32,-0.4,1000,1844.0,19,370.56,Tesla Model 3,Level 1,Commuter,Saturday
65.0,6.92,8.0,83.4,7.48,51.21,9.1,600,1800.0,23,409.68,Chevy Bolt EV,Level 2,Casual Driver,Wednesday
75.0,6.82,53.8,98.8,5.78,37.1,-2.5,1500,1844.0,8,296.8,Tesla Model 3,Level 2,Commuter,Wednesday
100.0,44.73,10.5,91.6,2.06,87.56,1.6,200,2509.0,14,700.48,Tesla Model X,DC Fast,Commuter,Friday
75.0,6.99,49.6,98.9,5.68,37.32,22.6,1000,1979.0,23,298.56,Tesla Model Y,Level 2,Commuter,Saturday
72.6,3.22,54.1,93.6,9.5,29.39,13.9,200,1800.0,19,235.12,Hyundai Ioniq 5,Level 1,Commuter,Monday
75.0,6.6,32.0,95.4,7.95,49.76,8.9,1500,1844.0,14,398.08,Tesla Model 3,Level 2,Commuter,Saturday
100.0,6.44,49.4,81.9,5.35,34.47,5.3,800,2509.0,23,275.76,Tesla Model X,Level 2,Commuter,Monday
75.0,6.96,31.6,80.0,5.31,37.19,14.0,1200,1844.0,14,297.52,Tesla Model 3,Level 2,Commuter,Wednesday
100.0,6.37,8.0,91.1,13.78,84.83,14.8,1000,2509.0,23,678.64,Tesla Model X,Level 2,Casual Driver,Sunday
40.0,45.55,48.2,78.5,0.27,13.22,40.8,800,1598.0,23,105.76,Nissan Leaf,DC Fast,Commuter,Thursday
100.0,6.39,23.2,99.4,13.91,83.5,42.0,600,2241.0,19,668.0,Tesla Model S,Level 2,Casual Driver,Tuesday
75.0,6.46,75.0,97.1,2.73,16.69,22.2,400,1844.0,19,133.52,Tesla Model 3,Level 2,Casual Driver,Monday
75.0,3.25,34.2,99.8,16.26,49.36,20.9,1500,1844.0,19,394.88,Tesla Model 3,Level 1,Long-Distance Traveler,Friday
75.0,45.55,52.2,83.0,0.55,25.98,-7.7,400,1979.0,23,207.84,Tesla Model Y,DC Fast,Commuter,Saturday
40.0,7.06,37.1,82.0,2.62,18.83,8.4,1000,1598.0,23,150.64,Nissan Leaf,Level 2,Commuter,Sunday
40.0,7.06,32.1,81.2,2.91,20.49,30.0,1200,1598.0,23,163.92,Nissan Leaf,Level 2,Long-Distance Traveler,Monday
72.6,47.29,25.4,99.8,1.27,54.64,22.9,400,1800.0,19,437.12,Hyundai Ioniq 5,DC Fast,Commuter,Wednesday
75.0,7.12,38.7,82.6,4.7,32.99,19.5,200,1844.0,14,263.92,Tesla Model 3,Level 2,Casual Driver,Wednesday
40.0,7.11,13.1,84.2,4.36,30.36,4.0,600,1598.0,19,242.88,Nissan Leaf,Level 2,Long-Distance Traveler,Tuesday
40.0,6.53,23.5,99.0,5.41,33.45,-4.2,800,1598.0,19,267.6,Nissan Leaf,Level 2,Casual Driver,Thursday
75.0,6.92,40.8,83.5,4.81,33.0,12.4,1200,1979.0,19,264.0,Tesla Model Y,Level 2,Casual Driver,Thursday
77.4,6.59,62.2,82.2,2.62,17.6,-10.3,400,1960.0,19,140.8,Kia EV6,Level 2,Commuter,Wednesday
75.0,45.13,17.2,98.2,1.51,61.73,16.0,800,1844.0,19,493.84,Tesla Model 3,DC Fast,Long-Distance Traveler,Wednesday
40.0,49.42,29.5,80.3,0.48,21.77,3.5,800,1598.0,23,174.16,Nissan Leaf,DC Fast,Long-Distance Traveler,Wednesday
42.2,6.43,24.3,81.4,3.92,25.7,4.5,600,1195.0,19,205.6,BMW i3,Level 2,Casual Driver,Friday
75.0,7.17,39.2,93.3,6.15,42.46,8.8,400,1979.0,8,339.68,Tesla Model Y,Level 2,Commuter,Monday
100.0,6.8,8.0,82.1,11.07,74.21,19.7,400,2241.0,23,593.68,Tesla Model S,Level 2,Commuter,Thursday
42.2,6.79,31.0,82.0,3.45,23.53,-1.4,400,1195.0,14,188.24,BMW i3,Level 2,Casual Driver,Sunday
75.0,44.34,52.9,92.3,0.73,30.74,29.6,1400,1844.0,14,245.92,Tesla Model 3,DC Fast,Commuter,Thursday
75.0,44.08,48.7,83.5,0.69,28.65,42.0,600,1979.0,19,229.2,Tesla Model Y,DC Fast,Casual Driver,Sunday
75.0,2.93,30.5,83.7,14.49,41.6,9.7,1400,1979.0,23,332.8,Tesla Model Y,Level 1,Commuter,Monday
40.0,6.9,20.6,93.3,4.96,32.77,-8.2,600,1598.0,8,262.16,Nissan Leaf,Level 2,Long-Distance Traveler,Sunday
75.0,7.14,16.7,79.1,7.2,51.33,42.0,600,1844.0,23,410.64,Tesla Model 3,Level 2,Commuter,Sunday
100.0,46.25,23.9,80.6,1.34,60.31,34.6,600,2241.0,14,482.48,Tesla Model S,DC Fast,Commuter,Tuesday
100.0,7.11,56.5,82.1,3.79,26.82,8.4,1200,2509.0,14,214.56,Tesla Model X,Level 2,Long-Distance Traveler,Tuesday
40.0,6.81,33.0,81.9,3.02,20.06,26.3,1400,1598.0,8,160.48,Nissan Leaf,Level 2,Commuter,Friday
95.0,7.18,26.3,83.2,7.72,54.44,21.7,600,2585.0,23,435.52,Audi e-tron,Level 2,Casual Driver,Tuesday
40.0,6.73,38.5,90.7,3.26,20.98,21.0,1000,1598.0,23,167.84,Nissan Leaf,Level 2,Casual Driver,Saturday
75.0,48.59,48.1,83.1,0.42,26.25,20.6,400,1844.0,19,210.0,Tesla Model 3,DC Fast,Commuter,Monday
77.4,3.17,41.2,92.2,13.74,41.9,5.7,200,1960.0,23,335.2,Kia EV6,Level 1,Casual Driver,Sunday
95.0,6.51,50.8,81.3,4.48,29.1,18.9,800,2585.0,19,232.8,Audi e-tron,Level 2,Commuter,Wednesday
75.0,48.27,32.9,84.4,0.81,38.98,18.1,1500,1979.0,23,311.84,Tesla Model Y,DC Fast,Casual Driver,Sunday
72.6,6.78,58.0,79.0,2.34,16.62,40.5,200,1800.0,19,132.96,Hyundai Ioniq 5,Level 2,Commuter,Wednesday
75.0,7.06,17.2,79.9,6.78,48.26,13.7,600,1979.0,23,386.08,Tesla Model Y,Level 2,Long-Distance Traveler,Wednesday
72.6,7.04,53.9,80.6,2.84,19.68,16.2,600,1800.0,23,157.44,Hyundai Ioniq 5,Level 2,Casual Driver,Monday
42.2,48.59,38.9,91.9,0.47,22.84,15.2,1000,1195.0,23,182.72,BMW i3,DC Fast,Commuter,Thursday
77.4,45.08,28.5,85.0,0.9,44.86,13.7,400,1960.0,23,358.88,Kia EV6,DC Fast,Casual Driver,Saturday
72.6,6.34,26.9,84.5,6.9,42.85,26.0,1200,1800.0,23,342.8,Hyundai Ioniq 5,Level 2,Long-Distance Traveler,Monday
75.0,7.11,40.5,93.0,5.74,39.59,18.9,200,1844.0,19,316.72,Tesla Model 3,Level 2,Long-Distance Traveler,Thursday
75.0,7.12,25.7,80.6,6.01,42.14,25.7,1500,1844.0,14,337.12,Tesla Model 3,Level 2,Commuter,Wednesday
100.0,6.37,30.3,80.5,8.18,51.61,13.0,1400,2509.0,8,412.88,Tesla Model X,Level 2,Commuter,Friday
77.4,7.13,44.6,82.4,4.35,31.19,4.6,1200,1960.0,14,249.52,Kia EV6,Level 2,Commuter,Monday
100.0,6.44,38.7,81.8,6.98,44.61,28.4,200,2241.0,14,356.88,Tesla Model S,Level 2,Commuter,Thursday
75.0,45.73,30.2,79.6,0.85,39.96,2.2,600,1844.0,14,319.68,Tesla Model 3,DC Fast,Long-Distance Traveler,Tuesday
95.0,6.44,39.8,78.6,6.08,39.29,4.2,1200,2585.0,23,314.32,Audi e-tron,Level 2,Casual Driver,Saturday
75.0,6.96,39.1,78.4,4.28,29.62,18.9,1000,1979.0,19,236.96,Tesla Model Y,Level 2,Casual Driver,Wednesday
72.6,44.47,8.0,79.2,1.32,59.26,-12.0,800,1800.0,14,474.08,Hyundai Ioniq 5,DC Fast,Commuter,Tuesday
75.0,6.93,47.4,78.7,3.55,24.72,7.3,1000,1844.0,23,197.76,Tesla Model 3,Level 2,Long-Distance Traveler,Thursday
40.0,6.63,14.0,79.0,4.33,28.58,-2.5,400,1598.0,19,228.64,Nissan Leaf,Level 2,Casual Driver,Tuesday
75.0,7.15,38.9,78.1,4.39,31.69,38.6,1200,1979.0,14,253.52,Tesla Model Y,Level 2,Commuter,Friday
75.0,7.11,29.9,83.0,5.79,41.51,9.7,200,1844.0,14,332.08,Tesla Model 3,Level 2,Casual Driver,Tuesday
40.0,3.29,37.7,78.0,5.03,16.12,19.9,1500,1598.0,23,128.96,Nissan Leaf,Level 1,Casual Driver,Friday
100.0,7.1,32.5,78.3,6.56,46.43,16.5,200,2241.0,14,371.44,Tesla Model S,Level 2,Casual Driver,Tuesday
75.0,44.68,31.1,93.9,1.16,47.95,24.4,600,1844.0,19,383.6,Tesla Model 3,DC Fast,Casual Driver,Friday
75.0,44.58,18.0,97.9,1.52,60.67,22.9,1200,1844.0,23,485.36,Tesla Model 3,DC Fast,Commuter,Friday
75.0,6.81,13.9,97.1,10.33,65.67,32.5,600,1844.0,23,525.36,Tesla Model 3,Level 2,Long-Distance Traveler,Sunday
72.6,3.0,10.1,78.9,17.09,51.49,27.6,1000,1800.0,23,411.92,Hyundai Ioniq 5,Level 1,Commuter,Sunday
65.0,44.74,35.4,84.5,0.72,32.95,28.1,400,1800.0,14,263.6,Chevy Bolt EV,DC Fast,Commuter,Sunday
95.0,3.04,23.8,81.7,18.69,56.52,13.5,200,2585.0,8,452.16,Audi e-tron,Level 1,Commuter,Saturday
40.0,6.89,36.6,79.8,2.65,18.42,4.3,1200,1598.0,19,147.36,Nissan Leaf,Level 2,Long-Distance Traveler,Friday
75.0,6.57,54.9,97.0,5.15,32.43,26.1,600,1979.0,8,259.44,Tesla Model Y,Level 2,Commuter,Friday
100.0,3.12,20.3,81.2,21.3,66.25,0.0,200,2241.0,14,530.0,Tesla Model S,Level 1,Commuter,Friday
77.4,6.82,58.7,92.2,4.04,26.29,16.1,400,1960.0,23,210.32,Kia EV6,Level 2,Casual Driver,Wednesday
100.0,47.77,41.2,83.5,0.9,43.05,15.9,400,2509.0,14,344.4,Tesla Model X,DC Fast,Long-Distance Traveler,Friday
75.0,6.91,60.0,80.2,2.37,16.63,-2.7,600,1979.0,14,133.04,Tesla Model Y,Level 2,Commuter,Thursday
100.0,48.78,59.0,80.1,0.33,22.04,31.7,600,2509.0,23,176.32,Tesla Model X,DC Fast,Casual Driver,Wednesday
77.4,45.9,13.8,82.3,1.25,57.29,1.3,200,1960.0,14,458.32,Kia EV6,DC Fast,Commuter,Saturday
75.0,6.49,55.7,78.5,2.74,17.73,28.9,800,1844.0,23,141.84,Tesla Model 3,Level 2,Commuter,Sunday
100.0,48.58,61.3,93.8,0.83,33.88,9.7,1000,2241.0,23,271.04,Tesla Model S,DC Fast,Commuter,Monday
40.0,6.71,14.3,79.4,4.05,26.84,12.3,200,1598.0,23,214.72,Nissan Leaf,Level 2,Casual Driver,Saturday
75.0,44.43,47.9,80.1,0.57,25.42,32.3,400,1844.0,14,203.36,Tesla Model 3,DC Fast,Casual Driver,Sunday
40.0,49.6,38.9,98.0,0.52,25.86,41.4,200,1598.0,23,206.88,Nissan Leaf,DC Fast,Commuter,Wednesday
75.0,2.92,29.8,82.0,14.22,41.3,7.1,600,1979.0,23,330.4,Tesla Model Y,Level 1,Casual Driver,Monday
100.0,48.7,37.7,79.9,0.96,48.37,-12.0,200,2241.0,14,386.96,Tesla Model S,DC Fast,Commuter,Wednesday
100.0,7.17,36.8,83.1,6.68,47.03,16.2,200,2241.0,19,376.24,Tesla Model S,Level 2,Long-Distance Traveler,Tuesday
75.0,6.5,19.6,82.8,8.05,51.8,-1.1,1000,1979.0,23,414.4,Tesla Model Y,Level 2,Casual Driver,Saturday
100.0,47.27,33.8,84.2,1.24,56.77,-8.2,200,2509.0,23,454.16,Tesla Model X,DC Fast,Commuter,Tuesday
75.0,44.14,35.4,93.1,1.0,44.12,15.4,200,1979.0,14,352.96,Tesla Model Y,DC Fast,Commuter,Friday
100.0,7.07,36.0,83.5,7.15,49.79,8.8,400,2241.0,14,398.32,Tesla Model S,Level 2,Long-Distance Traveler,Saturday
77.4,3.16,48.2,94.2,11.93,36.09,16.6,200,1960.0,8,288.72,Kia EV6,Level 1,Long-Distance Traveler,Thursday
75.0,6.55,32.4,79.8,5.89,38.35,38.1,1200,1844.0,23,306.8,Tesla Model 3,Level 2,Casual Driver,Thursday
75.0,44.52,56.5,81.5,0.5,18.9,17.9,1200,1844.0,8,151.2,Tesla Model 3,DC Fast,Casual Driver,Monday
100.0,7.06,60.7,82.4,3.22,22.03,23.7,600,2509.0,14,176.24,Tesla Model X,Level 2,Commuter,Wednesday
75.0,46.13,27.7,79.5,0.79,39.13,18.2,400,1979.0,14,313.04,Tesla Model Y,DC Fast,Casual Driver,Tuesday
40.0,6.66,18.0,79.3,3.8,25.19,13.5,200,1598.0,19,201.52,Nissan Leaf,Level 2,Long-Distance Traveler,Sunday
100.0,6.49,8.5,79.8,11.22,73.03,13.9,800,2509.0,14,584.24,Tesla Model X,Level 2,Long-Distance Traveler,Monday
77.4,6.93,41.2,90.3,5.76,38.01,19.8,800,1960.0,19,304.08,Kia EV6,Level 2,Commuter,Wednesday
100.0,3.22,11.1,82.7,24.02,76.55,4.0,1200,2509.0,23,612.4,Tesla Model X,Level 1,Long-Distance Traveler,Monday
65.0,44.02,30.5,84.5,0.79,37.88,1.4,200,1800.0,19,303.04,Chevy Bolt EV,DC Fast,Commuter,Monday
40.0,6.37,35.8,98.0,4.25,25.16,17.2,200,1598.0,23,201.28,Nissan Leaf,Level 2,Commuter,Tuesday
42.2,7.17,46.0,79.6,2.1,15.01,34.3,1500,1195.0,23,120.08,BMW i3,Level 2,Commuter,Tuesday
77.4,6.36,33.3,95.4,8.05,48.88,24.3,800,1960.0,8,391.04,Kia EV6,Level 2,Commuter,Monday
95.0,47.82,42.2,78.1,0.68,34.69,15.8,200,2585.0,8,277.52,Audi e-tron,DC Fast,Commuter,Thursday
65.0,44.56,30.0,82.2,0.83,34.7,25.4,400,1800.0,14,277.6,Chevy Bolt EV,DC Fast,Long-Distance Traveler,Sunday
40.0,6.43,13.4,93.0,5.54,34.58,39.8,400,1598.0,14,276.64,Nissan Leaf,Level 2,Commuter,Friday
100.0,7.19,68.3,80.9,1.78,12.64,18.7,400,2241.0,23,101.12,Tesla Model S,Level 2,Long-Distance Traveler,Wednesday
75.0,6.8,28.6,79.9,5.72,38.93,22.9,1000,1844.0,23,311.44,Tesla Model 3,Level 2,Casual Driver,Sunday
75.0,6.91,52.2,98.3,5.58,36.95,4.1,800,1844.0,23,295.6,Tesla Model 3,Level 2,Casual Driver,Saturday
100.0,6.71,12.2,83.8,11.19,74.01,11.8,800,2241.0,23,592.08,Tesla Model S,Level 2,Commuter,Wednesday
75.0,6.74,22.3,79.7,6.46,43.49,17.4,200,1979.0,14,347.92,Tesla Model Y,Level 2,Commuter,Monday
75.0,6.6,29.7,81.2,6.24,41.11,35.0,600,1979.0,19,328.88,Tesla Model Y,Level 2,Commuter,Thursday
65.0,45.38,50.5,92.9,0.67,28.74,10.0,1400,1800.0,19,229.92,Chevy Bolt EV,DC Fast,Commuter,Friday
77.4,6.49,35.8,95.5,7.49,46.83,23.5,200,1960.0,19,374.64,Kia EV6,Level 2,Commuter,Sunday
75.0,6.5,24.0,84.1,7.14,45.94,24.6,800,1844.0,19,367.52,Tesla Model 3,Level 2,Commuter,Friday
75.0,6.35,14.5,83.4,8.29,51.77,19.5,200,1844.0,23,414.16,Tesla Model 3,Level 2,Long-Distance Traveler,Tuesday
75.0,49.37,63.9,93.0,0.49,22.8,9.4,200,1979.0,23,182.4,Tesla Model Y,DC Fast,Casual Driver,Saturday
65.0,6.92,23.5,90.6,7.07,47.1,38.5,600,1800.0,19,376.8,Chevy Bolt EV,Level 2,Casual Driver,Saturday
95.0,3.08,62.0,92.5,10.51,30.79,34.4,400,2585.0,23,246.32,Audi e-tron,Level 1,Casual Driver,Friday
72.6,6.64,27.0,82.1,6.43,42.16,7.1,400,1800.0,14,337.28,Hyundai Ioniq 5,Level 2,Commuter,Friday
77.4,7.0,23.7,81.4,6.72,46.98,7.6,800,1960.0,14,375.84,Kia EV6,Level 2,Long-Distance Traveler,Tuesday
100.0,6.77,44.5,83.9,6.35,42.3,2.5,600,2509.0,19,338.4,Tesla Model X,Level 2,Long-Distance Traveler,Friday
100.0,6.56,28.7,96.3,11.07,69.02,25.2,200,2509.0,23,552.16,Tesla Model X,Level 2,Casual Driver,Friday
75.0,48.81,16.1,79.1,0.98,48.1,15.5,600,1844.0,23,384.8,Tesla Model 3,DC Fast,Commuter,Friday
40.0,3.3,23.6,91.0,8.91,28.23,31.1,200,1598.0,19,225.84,Nissan Leaf,Level 1,Long-Distance Traveler,Thursday
40.0,6.91,52.3,90.9,2.53,16.7,39.1,400,1598.0,19,133.6,Nissan Leaf,Level 2,Long-Distance Traveler,Saturday
95.0,49.72,37.5,95.2,1.28,57.7,32.5,1000,2585.0,23,461.6,Audi e-tron,DC Fast,Commuter,Saturday
75.0,44.57,46.9,78.4,0.48,24.56,10.6,1000,1844.0,19,196.48,Tesla Model 3,DC Fast,Long-Distance Traveler,Thursday
75.0,7.15,16.7,82.4,7.0,49.49,21.2,1000,1979.0,19,395.92,Tesla Model Y,Level 2,Commuter,Saturday
75.0,6.89,49.2,83.0,3.91,26.97,4.7,600,1979.0,23,215.76,Tesla Model Y,Level 2,Commuter,Friday
100.0,6.83,54.3,78.3,3.69,25.21,7.5,600,2241.0,23,201.68,Tesla Model S,Level 2,Commuter,Wednesday
75.0,6.5,32.2,78.7,5.39,35.13,17.9,200,1844.0,19,281.04,Tesla Model 3,Level 2,Casual Driver,Sunday
95.0,6.46,38.1,90.9,8.34,52.84,7.5,200,2585.0,19,422.72,Audi e-tron,Level 2,Commuter,Tuesday
75.0,48.95,8.0,83.7,1.32,61.17,2.2,1200,1844.0,23,489.36,Tesla Model 3,DC Fast,Commuter,Friday
75.0,6.92,24.6,97.6,9.04,58.91,2.5,400,1979.0,23,471.28,Tesla Model Y,Level 2,Commuter,Monday
75.0,6.69,21.5,81.8,7.45,49.59,-1.8,1400,1844.0,23,396.72,Tesla Model 3,Level 2,Casual Driver,Sunday
75.0,6.58,73.3,81.3,0.92,6.09,16.4,400,1979.0,8,48.72,Tesla Model Y,Level 2,Commuter,Saturday
77.4,46.37,50.7,78.8,0.54,24.3,-6.6,200,1960.0,19,194.4,Kia EV6,DC Fast,Commuter,Friday
75.0,7.11,45.4,91.7,5.1,34.89,20.8,1000,1979.0,23,279.12,Tesla Model Y,Level 2,Commuter,Thursday
95.0,6.73,15.8,81.6,9.43,63.52,24.0,600,2585.0,23,508.16,Audi e-tron,Level 2,Commuter,Tuesday
75.0,46.09,11.1,80.9,1.23,55.61,5.5,1000,1844.0,23,444.88,Tesla Model 3,DC Fast,Commuter,Sunday
100.0,3.23,51.1,79.2,9.63,30.92,-2.8,400,2241.0,23,247.36,Tesla Model S,Level 1,Casual Driver,Monday
100.0,7.0,66.4,93.3,4.33,29.3,-1.1,1200,2509.0,8,234.4,Tesla Model X,Level 2,Casual Driver,Wednesday
100.0,3.19,33.0,81.6,17.57,55.7,-12.0,200,2509.0,23,445.6,Tesla Model X,Level 1,Long-Distance Traveler,Wednesday
40.0,3.19,19.6,84.1,8.72,27.12,7.6,400,1598.0,23,216.96,Nissan Leaf,Level 1,Commuter,Monday
100.0,6.92,19.7,83.2,9.28,63.9,21.6,200,2509.0,23,511.2,Tesla Model X,Level 2,Commuter,Thursday
65.0,6.42,38.8,84.6,4.99,31.47,6.2,400,1800.0,8,251.76,Chevy Bolt EV,Level 2,Long-Distance Traveler,Saturday
40.0,47.77,23.7,84.8,0.6,26.59,40.1,1200,1598.0,23,212.72,Nissan Leaf,DC Fast,Casual Driver,Sunday
100.0,48.13,43.0,95.5,1.3,57.32,40.7,1000,2509.0,23,458.56,Tesla Model X,DC Fast,Commuter,Tuesday
75.0,49.29,48.7,79.4,0.47,23.02,19.3,1400,1979.0,19,184.16,Tesla Model Y,DC Fast,Commuter,Saturday
40.0,46.47,28.9,90.2,0.54,24.61,20.8,1200,1598.0,8,196.88,Nissan Leaf,DC Fast,Commuter,Monday
75.0,3.27,28.2,79.0,12.09,39.86,8.9,400,1844.0,14,318.88,Tesla Model 3,Level 1,Commuter,Thursday
42.2,49.82,29.0,80.5,0.4,23.47,38.2,800,1195.0,19,187.76,BMW i3,DC Fast,Commuter,Saturday
40.0,3.16,29.4,79.5,6.55,20.82,29.5,1000,1598.0,8,166.56,Nissan Leaf,Level 1,Commuter,Tuesday
65.0,6.92,43.0,81.3,3.75,25.61,26.6,600,1800.0,19,204.88,Chevy Bolt EV,Level 2,Commuter,Wednesday
75.0,6.98,54.5,84.5,3.39,23.18,12.8,600,1979.0,14,185.44,Tesla Model Y,Level 2,Commuter,Thursday
75.0,7.11,13.4,83.6,7.71,54.02,13.5,200,1844.0,23,432.16,Tesla Model 3,Level 2,Commuter,Thursday
100.0,45.55,14.5,79.8,1.63,71.44,-1.3,600,2509.0,19,571.52,Tesla Model X,DC Fast,Casual Driver,Friday
100.0,7.18,43.7,78.7,5.09,36.57,9.6,600,2509.0,23,292.56,Tesla Model X,Level 2,Commuter,Sunday
100.0,6.97,29.8,99.2,10.93,70.84,15.0,200,2241.0,19,566.72,Tesla Model S,Level 2,Commuter,Wednesday
75.0,44.45,12.9,83.1,1.29,58.4,-4.6,800,1844.0,23,467.2,Tesla Model 3,DC Fast,Casual Driver,Thursday
65.0,7.07,44.7,91.5,4.7,31.92,7.8,1400,1800.0,23,255.36,Chevy Bolt EV,Level 2,Casual Driver,Wednesday
75.0,6.72,17.6,81.3,7.45,49.72,10.3,400,1844.0,23,397.76,Tesla Model 3,Level 2,Commuter,Tuesday
40.0,6.72,34.7,91.0,3.48,22.54,19.7,600,1598.0,19,180.32,Nissan Leaf,Level 2,Casual Driver,Friday
65.0,3.17,45.6,82.0,8.2,25.72,-0.1,1400,1800.0,19,205.76,Chevy Bolt EV,Level 1,Commuter,Saturday
40.0,49.25,41.4,79.7,0.36,15.64,15.2,400,1598.0,23,125.12,Nissan Leaf,DC Fast,Commuter,Friday
77.4,7.11,33.1,94.7,7.4,49.71,30.1,200,1960.0,19,397.68,Kia EV6,Level 2,Commuter,Tuesday
75.0,7.06,50.0,80.1,3.31,23.47,10.1,400,1844.0,23,187.76,Tesla Model 3,Level 2,Commuter,Friday
95.0,6.41,45.3,94.2,8.22,50.47,-0.0,400,2585.0,19,403.76,Audi e-tron,Level 2,Commuter,Tuesday
75.0,6.99,21.4,78.1,6.18,42.67,20.9,200,1844.0,23,341.36,Tesla Model 3,Level 2,Commuter,Wednesday
75.0,45.11,24.3,98.5,1.41,56.73,24.9,200,1979.0,23,453.84,Tesla Model Y,DC Fast,Commuter,Friday
100.0,7.09,28.7,79.0,7.21,50.59,18.9,400,2509.0,23,404.72,Tesla Model X,Level 2,Commuter,Friday
75.0,44.73,22.4,84.7,1.18,47.17,22.6,200,1979.0,8,377.36,Tesla Model Y,DC Fast,Commuter,Sunday
100.0,49.0,52.9,81.5,0.58,28.87,17.7,1400,2509.0,23,230.96,Tesla Model X,DC Fast,Casual Driver,Tuesday
75.0,3.25,8.0,84.2,18.44,59.0,12.0,1000,1844.0,23,472.0,Tesla Model 3,Level 1,Commuter,Wednesday
75.0,44.12,38.5,80.6,0.83,34.66,-2.1,1200,1844.0,23,277.28,Tesla Model 3,DC Fast,Commuter,Friday
75.0,6.48,22.9,93.4,8.83,54.51,12.4,400,1979.0,14,436.08,Tesla Model Y,Level 2,Commuter,Monday
95.0,3.0,36.7,92.1,18.97,54.62,29.2,400,2585.0,8,436.96,Audi e-tron,Level 1,Commuter,Wednesday
100.0,44.97,33.9,90.7,1.31,57.37,17.6,200,2509.0,14,458.96,Tesla Model X,DC Fast,Long-Distance Traveler,Monday
100.0,6.39,14.2,79.3,10.33,65.67,22.2,1200,2241.0,19,525.36,Tesla Model S,Level 2,Commuter,Wednesday
75.0,49.28,42.8,93.4,0.82,39.21,11.9,200,1844.0,19,313.68,Tesla Model 3,DC Fast,Commuter,Saturday
75.0,3.22,10.2,79.1,16.64,53.63,11.0,400,1844.0,19,429.04,Tesla Model 3,Level 1,Casual Driver,Friday
100.0,6.84,23.0,90.2,10.36,68.48,24.4,600,2241.0,19,547.84,Tesla Model S,Level 2,Commuter,Tuesday
75.0,6.97,33.3,78.2,5.03,34.12,22.8,400,1844.0,23,272.96,Tesla Model 3,Level 2,Commuter,Wednesday
100.0,49.23,43.1,93.8,1.1,53.73,6.2,800,2241.0,19,429.84,Tesla Model S,DC Fast,Casual Driver,Wednesday
75.0,6.56,27.9,96.3,8.73,54.41,5.6,200,1844.0,19,435.28,Tesla Model 3,Level 2,Commuter,Sunday
75.0,48.16,46.6,83.8,0.63,28.65,13.2,200,1844.0,19,229.2,Tesla Model 3,DC Fast,Casual Driver,Monday
95.0,7.13,37.6,82.1,6.13,43.88,11.1,1000,2585.0,23,351.04,Audi e-tron,Level 2,Long-Distance Traveler,Monday
75.0,6.96,20.0,96.8,9.03,59.87,10.6,600,1844.0,23,478.96,Tesla Model 3,Level 2,Commuter,Sunday
75.0,47.41,39.8,82.0,0.75,35.64,-7.8,600,1979.0,8,285.12,Tesla Model Y,DC Fast,Commuter,Monday
65.0,3.25,47.3,83.4,7.36,23.71,17.6,1200,1800.0,8,189.68,Chevy Bolt EV,Level 1,Long-Distance Traveler,Tuesday
75.0,6.78,15.7,93.5,9.09,59.33,16.0,1000,1979.0,19,474.64,Tesla Model Y,Level 2,Long-Distance Traveler,Wednesday
75.0,46.81,35.3,80.4,0.85,37.8,-6.3,400,1844.0,8,302.4,Tesla Model 3,DC Fast,Commuter,Tuesday
75.0,7.19,32.2,93.3,6.71,46.28,22.2,200,1844.0,23,370.24,Tesla Model 3,Level 2,Casual Driver,Thursday
75.0,6.71,12.4,84.6,8.24,54.55,18.3,400,1979.0,23,436.4,Tesla Model Y,Level 2,Commuter,Saturday
75.0,3.03,42.6,83.9,10.9,32.52,8.0,600,1979.0,14,260.16,Tesla Model Y,Level 1,Long-Distance Traveler,Thursday
100.0,48.65,38.3,96.5,1.4,60.4,10.5,400,2509.0,19,483.2,Tesla Model X,DC Fast,Long-Distance Traveler,Wednesday
42.2,2.97,42.5,81.0,5.79,16.89,29.4,400,1195.0,23,135.12,BMW i3,Level 1,Commuter,Monday
65.0,6.72,52.1,79.4,2.78,18.82,5.7,600,1800.0,19,150.56,Chevy Bolt EV,Level 2,Commuter,Thursday
72.6,6.94,30.1,80.2,5.59,39.68,-1.0,600,1800.0,19,317.44,Hyundai Ioniq 5,Level 2,Commuter,Tuesday
75.0,6.44,37.4,95.0,7.14,44.08,15.0,1000,1844.0,19,352.64,Tesla Model 3,Level 2,Long-Distance Traveler,Friday
95.0,6.49,25.9,80.3,7.96,51.89,21.1,200,2585.0,14,415.12,Audi e-tron,Level 2,Casual Driver,Monday
100.0,7.02,33.2,85.0,7.96,54.51,7.5,400,2509.0,8,436.08,Tesla Model X,Level 2,Casual Driver,Saturday
95.0,45.24,33.0,84.3,1.12,53.85,-3.8,600,2585.0,23,430.8,Audi e-tron,DC Fast,Commuter,Thursday
40.0,48.64,22.5,79.2,0.46,22.93,22.9,200,1598.0,23,183.44,Nissan Leaf,DC Fast,Commuter,Friday
77.4,6.81,8.0,84.1,8.9,59.39,17.8,800,1960.0,14,475.12,Kia EV6,Level 2,Long-Distance Traveler,Saturday
65.0,7.06,48.1,90.0,4.32,28.51,31.2,400,1800.0,23,228.08,Chevy Bolt EV,Level 2,Commuter,Monday
100.0,6.75,26.2,82.0,8.34,56.39,17.1,200,2509.0,23,451.12,Tesla Model X,Level 2,Commuter,Friday
75.0,3.23,46.0,79.0,7.79,25.12,16.0,800,1979.0,14,200.96,Tesla Model Y,Level 1,Commuter,Tuesday
100.0,6.6,13.3,80.1,10.22,67.39,21.9,400,2509.0,14,539.12,Tesla Model X,Level 2,Casual Driver,Monday
100.0,3.22,45.3,97.3,18.41,56.13,1.8,400,2509.0,19,449.04,Tesla Model X,Level 1,Long-Distance Traveler,Friday
100.0,2.92,35.5,81.8,16.83,48.4,9.4,400,2241.0,19,387.2,Tesla Model S,Level 1,Casual Driver,Wednesday
75.0,6.61,20.6,84.5,7.6,49.45,28.0,1200,1979.0,23,395.6,Tesla Model Y,Level 2,Commuter,Wednesday
40.0,6.8,57.6,78.5,1.24,8.56,13.4,400,1598.0,23,68.48,Nissan Leaf,Level 2,Commuter,Monday
100.0,3.29,58.2,81.1,7.43,24.47,36.0,600,2241.0,8,195.76,Tesla Model S,Level 1,Casual Driver,Tuesday
75.0,6.83,45.4,81.1,3.98,27.15,23.1,1200,1979.0,14,217.2,Tesla Model Y,Level 2,Long-Distance Traveler,Saturday
75.0,6.95,34.5,98.7,8.11,53.42,-4.5,200,1844.0,14,427.36,Tesla Model 3,Level 2,Commuter,Sunday
75.0,47.53,60.0,90.0,0.5,22.75,22.1,600,1844.0,23,182.0,Tesla Model 3,DC Fast,Casual Driver,Thursday
75.0,49.75,61.0,96.6,0.51,26.92,21.9,800,1844.0,14,215.36,Tesla Model 3,DC Fast,Commuter,Monday
77.4,6.97,40.2,97.5,7.36,48.68,-2.4,600,1960.0,8,389.44,Kia EV6,Level 2,Casual Driver,Sunday
75.0,3.06,61.0,81.1,5.04,15.22,17.3,200,1844.0,14,121.76,Tesla Model 3,Level 1,Commuter,Sunday
75.0,45.66,27.7,84.2,0.97,43.57,13.5,200,1844.0,8,348.56,Tesla Model 3,DC Fast,Commuter,Sunday
40.0,6.38,42.8,84.9,2.73,17.38,27.8,400,1598.0,23,139.04,Nissan Leaf,Level 2,Long-Distance Traveler,Friday
75.0,3.28,8.0,93.5,20.78,64.84,22.8,200,1844.0,23,518.72,Tesla Model 3,Level 1,Long-Distance Traveler,Saturday
95.0,47.67,40.7,83.4,0.86,41.02,22.8,400,2585.0,23,328.16,Audi e-tron,DC Fast,Commuter,Monday
65.0,6.62,48.3,90.8,4.46,28.07,15.9,200,1800.0,23,224.56,Chevy Bolt EV,Level 2,Casual Driver,Saturday
77.4,44.74,46.2,94.8,0.95,40.28,36.5,600,1960.0,19,322.24,Kia EV6,DC Fast,Casual Driver,Monday
75.0,6.98,32.5,80.0,5.11,36.06,23.3,600,1979.0,14,288.48,Tesla Model Y,Level 2,Long-Distance Traveler,Friday
100.0,6.65,31.4,82.1,7.94,52.33,27.9,400,2241.0,19,418.64,Tesla Model S,Level 2,Commuter,Friday
75.0,2.94,33.9,96.1,17.22,47.85,13.8,1400,1979.0,8,382.8,Tesla Model Y,Level 1,Long-Distance Traveler,Thursday
72.6,7.1,48.2,78.5,3.08,22.04,19.6,600,1800.0,19,176.32,Hyundai Ioniq 5,Level 2,Long-Distance Traveler,Sunday
75.0,6.98,39.6,95.6,6.47,42.9,25.1,800,1979.0,19,343.2,Tesla Model Y,Level 2,Commuter,Thursday
100.0,44.93,32.0,98.9,1.53,67.7,17.1,1200,2241.0,8,541.6,Tesla Model S,DC Fast,Casual Driver,Wednesday
95.0,45.36,36.2,78.5,0.93,40.8,23.6,600,2585.0,19,326.4,Audi e-tron,DC Fast,Casual Driver,Monday
100.0,6.75,34.4,95.9,9.69,62.22,17.2,400,2509.0,8,497.76,Tesla Model X,Level 2,Commuter,Monday
75.0,6.53,15.5,84.4,8.4,53.8,30.0,1500,1844.0,14,430.4,Tesla Model 3,Level 2,Long-Distance Traveler,Tuesday
100.0,45.47,29.9,79.9,1.18,51.58,12.7,600,2241.0,19,412.64,Tesla Model S,DC Fast,Commuter,Tuesday
100.0,48.76,8.0,83.9,1.7,81.29,3.3,800,2241.0,14,650.32,Tesla Model S,DC Fast,Commuter,Wednesday
95.0,2.95,41.7,84.2,14.54,42.34,8.4,1000,2585.0,23,338.72,Audi e-tron,Level 1,Commuter,Thursday
75.0,44.3,21.6,83.5,1.12,48.35,9.7,1200,1979.0,23,386.8,Tesla Model Y,DC Fast,Commuter,Thursday
75.0,6.39,19.0,82.9,7.65,48.27,22.0,200,1979.0,19,386.16,Tesla Model Y,Level 2,Casual Driver,Sunday
100.0,6.36,26.2,83.5,9.31,59.04,27.3,1200,2241.0,19,472.32,Tesla Model S,Level 2,Long-Distance Traveler,Tuesday
95.0,3.26,15.8,84.6,21.35,68.66,32.2,1400,2585.0,8,549.28,Audi e-tron,Level 1,Long-Distance Traveler,Monday
72.6,6.8,23.9,81.8,6.29,42.79,15.6,1200,1800.0,23,342.32,Hyundai Ioniq 5,Level 2,Casual Driver,Sunday
77.4,45.29,16.1,82.8,1.2,52.38,16.5,600,1960.0,19,419.04,Kia EV6,DC Fast,Commuter,Friday
100.0,7.05,14.8,81.0,10.25,72.55,42.0,600,2509.0,19,580.4,Tesla Model X,Level 2,Commuter,Tuesday
77.4,6.95,29.0,83.0,6.31,43.31,10.9,1000,1960.0,14,346.48,Kia EV6,Level 2,Commuter,Tuesday
42.2,47.02,50.1,84.5,0.28,14.61,18.4,200,1195.0,14,116.88,BMW i3,DC Fast,Commuter,Wednesday
40.0,3.01,61.3,91.9,4.41,12.76,9.5,1000,1598.0,23,102.08,Nissan Leaf,Level 1,Commuter,Sunday
100.0,6.82,28.0,83.2,8.79,59.09,36.8,1200,2241.0,23,472.72,Tesla Model S,Level 2,Long-Distance Traveler,Sunday
75.0,47.91,24.0,83.4,0.93,46.45,10.0,200,1844.0,19,371.6,Tesla Model 3,DC Fast,Casual Driver,Monday
75.0,3.23,43.8,79.8,8.55,27.45,24.4,600,1844.0,14,219.6,Tesla Model 3,Level 1,Commuter,Saturday
72.6,6.8,38.2,81.3,4.81,32.79,31.4,600,1800.0,23,262.32,Hyundai Ioniq 5,Level 2,Casual Driver,Thursday
100.0,6.4,56.7,82.2,3.96,25.56,20.2,400,2241.0,19,204.48,Tesla Model S,Level 2,Commuter,Tuesday
75.0,49.1,57.6,83.6,0.49,20.17,12.2,200,1979.0,14,161.36,Tesla Model Y,DC Fast,Long-Distance Traveler,Friday
75.0,49.1,57.1,93.8,0.63,29.63,2.0,600,1979.0,23,237.04,Tesla Model Y,DC Fast,Casual Driver,Sunday
65.0,6.95,9.4,91.3,8.42,56.32,6.2,1000,1800.0,23,450.56,Chevy Bolt EV,Level 2,Commuter,Wednesday
95.0,6.58,36.9,83.2,6.87,44.55,23.0,800,2585.0,19,356.4,Audi e-tron,Level 2,Casual Driver,Thursday
75.0,47.2,19.8,92.3,1.25,57.07,31.8,1000,1844.0,23,456.56,Tesla Model 3,DC Fast,Commuter,Monday
75.0,3.21,40.2,98.7,14.85,44.46,23.2,400,1979.0,23,355.68,Tesla Model Y,Level 1,Commuter,Friday
95.0,45.2,24.1,79.0,1.25,53.41,14.1,400,2585.0,19,427.28,Audi e-tron,DC Fast,Commuter,Saturday
42.2,6.99,64.2,82.8,1.16,7.85,19.3,800,1195.0,19,62.8,BMW i3,Level 2,Long-Distance Traveler,Saturday
75.0,6.37,71.3,79.9,1.06,6.82,5.7,1000,1844.0,23,54.56,Tesla Model 3,Level 2,Long-Distance Traveler,Sunday
75.0,6.47,33.6,92.4,7.4,45.9,29.9,1200,1844.0,8,367.2,Tesla Model 3,Level 2,Commuter,Thursday
100.0,6.58,51.0,79.7,4.51,29.71,12.1,200,2241.0,14,237.68,Tesla Model S,Level 2,Commuter,Wednesday
75.0,7.19,40.7,97.7,6.36,43.14,22.4,200,1844.0,23,345.12,Tesla Model 3,Level 2,Casual Driver,Saturday
75.0,6.95,45.5,98.0,6.17,40.8,11.7,200,1979.0,19,326.4,Tesla Model Y,Level 2,Commuter,Wednesday
75.0,6.49,66.5,79.7,1.78,11.09,-6.6,400,1844.0,23,88.72,Tesla Model 3,Level 2,Long-Distance Traveler,Sunday
75.0,3.04,44.4,81.9,9.75,29.45,9.0,1000,1979.0,19,235.6,Tesla Model Y,Level 1,Long-Distance Traveler,Wednesday
100.0,2.9,36.1,83.0,16.75,48.12,26.2,400,2241.0,19,384.96,Tesla Model S,Level 1,Long-Distance Traveler,Saturday
75.0,47.96,29.2,91.3,0.98,47.3,16.0,800,1979.0,8,378.4,Tesla Model Y,DC Fast,Commuter,Saturday
75.0,49.23,34.3,80.2,0.71,37.8,-2.4,800,1844.0,14,302.4,Tesla Model 3,DC Fast,Commuter,Wednesday
77.4,6.95,29.1,79.2,5.84,40.69,8.3,1000,1960.0,23,325.52,Kia EV6,Level 2,Commuter,Wednesday
72.6,48.52,39.4,98.4,1.06,44.16,12.3,1400,1800.0,19,353.28,Hyundai Ioniq 5,DC Fast,Commuter,Wednesday
100.0,6.35,39.9,80.6,6.71,41.96,27.4,600,2509.0,19,335.68,Tesla Model X,Level 2,Commuter,Thursday
100.0,3.13,13.2,84.4,23.3,71.96,17.4,800,2241.0,23,575.68,Tesla Model S,Level 1,Commuter,Saturday
100.0,49.34,8.1,92.0,1.7,87.26,10.4,600,2241.0,19,698.08,Tesla Model S,DC Fast,Commuter,Monday
75.0,6.96,11.4,93.4,9.29,61.54,19.8,1400,1979.0,23,492.32,Tesla Model Y,Level 2,Long-Distance Traveler,Wednesday
75.0,6.34,22.7,80.5,7.01,43.93,23.3,400,1844.0,19,351.44,Tesla Model 3,Level 2,Long-Distance Traveler,Thursday
40.0,6.93,36.7,92.8,3.52,23.37,10.3,200,1598.0,8,186.96,Nissan Leaf,Level 2,Commuter,Sunday
100.0,3.03,18.8,78.8,20.2,61.26,15.1,800,2509.0,23,490.08,Tesla Model X,Level 1,Commuter,Thursday
100.0,6.79,24.6,82.5,8.88,59.71,27.9,400,2509.0,14,477.68,Tesla Model X,Level 2,Commuter,Friday
42.2,7.08,41.5,79.8,2.46,16.72,28.6,1400,1195.0,14,133.76,BMW i3,Level 2,Long-Distance Traveler,Saturday
65.0,44.15,14.3,94.0,1.26,57.81,-6.2,400,1800.0,23,462.48,Chevy Bolt EV,DC Fast,Casual Driver,Friday
77.4,6.35,46.9,94.8,6.43,38.87,8.3,400,1960.0,19,310.96,Kia EV6,Level 2,Commuter,Saturday
100.0,48.95,55.3,83.3,0.63,31.33,-6.8,400,2509.0,14,250.64,Tesla Model X,DC Fast,Commuter,Saturday
95.0,48.14,23.9,93.1,1.48,69.11,32.2,1400,2585.0,14,552.88,Audi e-tron,DC Fast,Commuter,Tuesday
65.0,6.58,33.6,84.5,5.22,34.06,12.9,800,1800.0,23,272.48,Chevy Bolt EV,Level 2,Long-Distance Traveler,Friday
100.0,6.81,20.0,81.0,9.16,62.3,25.2,600,2509.0,23,498.4,Tesla Model X,Level 2,Commuter,Monday
40.0,2.98,17.9,79.2,8.57,25.54,9.9,200,1598.0,8,204.32,Nissan Leaf,Level 1,Commuter,Thursday
100.0,6.56,59.9,84.4,3.85,24.83,22.6,400,2241.0,23,198.64,Tesla Model S,Level 2,Commuter,Wednesday
95.0,48.02,40.7,81.8,0.95,41.59,4.6,200,2585.0,19,332.72,Audi e-tron,DC Fast,Casual Driver,Friday
75.0,3.18,36.4,81.6,11.42,35.85,6.7,600,1844.0,14,286.8,Tesla Model 3,Level 1,Commuter,Friday
75.0,7.19,23.3,81.3,6.31,45.37,30.0,1200,1844.0,23,362.96,Tesla Model 3,Level 2,Casual Driver,Wednesday
75.0,45.99,8.0,78.9,1.17,53.71,17.4,600,1844.0,23,429.68,Tesla Model 3,DC Fast,Long-Distance Traveler,Thursday
100.0,6.34,37.6,79.6,6.79,43.43,28.2,400,2509.0,19,347.44,Tesla Model X,Level 2,Long-Distance Traveler,Tuesday
65.0,6.8,61.9,80.2,1.79,12.09,23.6,1200,1800.0,14,96.72,Chevy Bolt EV,Level 2,Long-Distance Traveler,Monday
75.0,6.85,30.7,90.7,7.19,47.12,8.6,800,1979.0,19,376.96,Tesla Model Y,Level 2,Long-Distance Traveler,Wednesday
75.0,46.84,43.5,91.4,0.8,38.57,2.8,1400,1979.0,23,308.56,Tesla Model Y,DC Fast,Commuter,Thursday
75.0,47.52,8.0,90.7,1.48,66.25,4.1,600,1844.0,14,530.0,Tesla Model 3,DC Fast,Long-Distance Traveler,Saturday
75.0,3.24,44.1,94.7,12.53,38.38,22.8,200,1979.0,19,307.04,Tesla Model Y,Level 1,Commuter,Sunday
75.0,6.52,34.7,84.6,6.03,38.69,12.0,1500,1844.0,8,309.52,Tesla Model 3,Level 2,Commuter,Wednesday
75.0,47.03,15.6,81.4,1.03,51.14,28.9,200,1844.0,14,409.12,Tesla Model 3,DC Fast,Commuter,Thursday
72.6,6.69,36.5,99.2,7.42,46.98,27.7,200,1800.0,19,375.84,Hyundai Ioniq 5,Level 2,Long-Distance Traveler,Monday
75.0,6.72,10.7,78.7,7.67,51.09,20.2,1500,1844.0,8,408.72,Tesla Model 3,Level 2,Long-Distance Traveler,Wednesday
95.0,45.71,8.5,83.0,1.58,72.27,14.9,200,2585.0,8,578.16,Audi e-tron,DC Fast,Commuter,Wednesday
42.2,6.46,26.9,84.5,4.01,25.27,29.5,1000,1195.0,19,202.16,BMW i3,Level 2,Casual Driver,Thursday
75.0,6.78,8.0,94.7,10.84,70.16,38.4,1200,1844.0,23,561.28,Tesla Model 3,Level 2,Commuter,Thursday
40.0,46.4,39.9,82.1,0.49,17.29,25.8,600,1598.0,19,138.32,Nissan Leaf,DC Fast,Commuter,Tuesday
75.0,3.13,51.4,79.2,6.87,21.44,12.6,800,1844.0,23,171.52,Tesla Model 3,Level 1,Commuter,Thursday
65.0,7.11,39.8,97.2,5.62,37.67,22.3,800,1800.0,19,301.36,Chevy Bolt EV,Level 2,Commuter,Wednesday
40.0,6.37,64.8,83.2,1.21,7.67,9.5,800,1598.0,8,61.36,Nissan Leaf,Level 2,Casual Driver,Friday
42.2,6.8,36.0,92.0,3.86,25.19,4.5,400,1195.0,23,201.52,BMW i3,Level 2,Commuter,Thursday
75.0,49.88,66.0,98.8,0.57,27.01,42.0,600,1979.0,23,216.08,Tesla Model Y,DC Fast,Commuter,Monday
72.6,3.29,61.4,79.9,4.32,13.98,10.8,1400,1800.0,14,111.84,Hyundai Ioniq 5,Level 1,Casual Driver,Saturday
75.0,6.8,47.1,79.6,3.8,25.51,9.5,400,1844.0,23,204.08,Tesla Model 3,Level 2,Long-Distance Traveler,Thursday
100.0,6.87,9.6,78.0,10.99,75.85,-4.5,200,2241.0,14,606.8,Tesla Model S,Level 2,Commuter,Sunday
65.0,6.76,16.4,83.5,6.67,44.81,13.3,600,1800.0,19,358.48,Chevy Bolt EV,Level 2,Commuter,Wednesday
100.0,6.5,56.3,83.9,4.37,27.89,22.8,800,2509.0,23,223.12,Tesla Model X,Level 2,Commuter,Saturday
75.0,6.71,48.9,79.7,3.46,23.27,21.2,400,1844.0,19,186.16,Tesla Model 3,Level 2,Commuter,Thursday
75.0,6.35,39.9,83.5,5.67,36.51,-6.1,200,1844.0,14,292.08,Tesla Model 3,Level 2,Long-Distance Traveler,Tuesday
42.2,7.19,49.3,80.4,1.83,13.3,16.6,800,1195.0,23,106.4,BMW i3,Level 2,Casual Driver,Wednesday
75.0,7.03,20.1,78.3,6.21,43.86,19.0,1200,1979.0,19,350.88,Tesla Model Y,Level 2,Long-Distance Traveler,Monday
95.0,6.7,8.0,94.5,13.41,85.63,9.9,200,2585.0,23,685.04,Audi e-tron,Level 2,Commuter,Sunday
65.0,6.38,18.2,81.1,6.82,43.54,4.9,800,1800.0,14,348.32,Chevy Bolt EV,Level 2,Casual Driver,Wednesday
100.0,6.99,30.1,99.7,11.35,74.44,36.4,600,2509.0,19,595.52,Tesla Model X,Level 2,Commuter,Sunday
100.0,6.51,40.5,97.7,9.46,58.01,23.2,400,2509.0,19,464.08,Tesla Model X,Level 2,Commuter,Wednesday
75.0,3.23,22.1,83.1,14.37,45.81,19.9,600,1979.0,19,366.48,Tesla Model Y,Level 1,Commuter,Saturday
95.0,44.27,36.1,94.3,1.39,58.71,34.5,200,2585.0,14,469.68,Audi e-tron,DC Fast,Commuter,Monday
65.0,6.53,27.0,97.1,7.46,46.5,15.0,200,1800.0,19,372.0,Chevy Bolt EV,Level 2,Commuter,Wednesday
75.0,47.58,27.7,78.0,0.79,39.33,9.9,400,1844.0,14,314.64,Tesla Model 3,DC Fast,Long-Distance Traveler,Sunday
40.0,47.2,32.3,80.9,0.51,20.25,30.3,200,1598.0,19,162.0,Nissan Leaf,DC Fast,Commuter,Wednesday
72.6,6.82,47.9,83.1,3.79,25.61,20.9,200,1800.0,8,204.88,Hyundai Ioniq 5,Level 2,Commuter,Saturday
65.0,6.5,17.4,80.4,7.05,45.86,-6.8,800,1800.0,19,366.88,Chevy Bolt EV,Level 2,Commuter,Tuesday
75.0,6.92,39.2,78.4,4.48,30.68,9.6,600,1844.0,23,245.44,Tesla Model 3,Level 2,Casual Driver,Wednesday
75.0,3.14,11.0,84.6,18.09,55.89,16.9,200,1979.0,23,447.12,Tesla Model Y,Level 1,Long-Distance Traveler,Monday
75.0,6.61,50.6,80.6,3.57,23.65,7.2,600,1844.0,19,189.2,Tesla Model 3,Level 2,Commuter,Friday
100.0,6.65,27.8,79.7,8.16,54.41,8.1,1200,2509.0,23,435.28,Tesla Model X,Level 2,Long-Distance Traveler,Thursday
72.6,6.42,42.2,81.5,4.64,29.52,12.0,600,1800.0,14,236.16,Hyundai Ioniq 5,Level 2,Casual Driver,Tuesday
72.6,7.18,23.0,80.0,5.86,42.45,26.0,1400,1800.0,23,339.6,Hyundai Ioniq 5,Level 2,Casual Driver,Saturday
100.0,2.95,35.9,83.6,17.16,50.08,8.3,1000,2241.0,8,400.64,Tesla Model S,Level 1,Commuter,Wednesday
100.0,6.78,27.2,81.3,9.21,61.84,-11.4,800,2241.0,8,494.72,Tesla Model S,Level 2,Commuter,Thursday
40.0,3.13,48.2,84.0,5.07,15.67,-1.5,600,1598.0,23,125.36,Nissan Leaf,Level 1,Commuter,Thursday
77.4,45.06,43.4,80.1,0.66,31.01,41.0,400,1960.0,23,248.08,Kia EV6,DC Fast,Commuter,Friday
75.0,6.74,39.6,80.4,4.59,31.29,14.8,1000,1844.0,23,250.32,Tesla Model 3,Level 2,Casual Driver,Tuesday
100.0,6.98,25.1,96.9,11.89,78.18,-0.3,200,2241.0,23,625.44,Tesla Model S,Level 2,Commuter,Wednesday
95.0,6.98,50.7,82.5,4.63,32.21,35.3,1400,2585.0,8,257.68,Audi e-tron,Level 2,Commuter,Monday
75.0,46.65,26.4,98.4,1.25,57.13,6.2,1000,1979.0,23,457.04,Tesla Model Y,DC Fast,Long-Distance Traveler,Friday
95.0,47.06,34.4,93.9,1.25,58.95,9.7,400,2585.0,14,471.6,Audi e-tron,DC Fast,Long-Distance Traveler,Wednesday
75.0,6.91,41.3,78.5,4.38,30.55,41.8,400,1844.0,14,244.4,Tesla Model 3,Level 2,Long-Distance Traveler,Monday
75.0,46.12,42.1,81.5,0.62,30.22,14.6,400,1979.0,23,241.76,Tesla Model Y,DC Fast,Commuter,Tuesday
100.0,6.71,40.4,78.2,5.83,39.36,29.7,1200,2241.0,8,314.88,Tesla Model S,Level 2,Long-Distance Traveler,Wednesday
100.0,6.88,27.6,83.4,8.29,56.15,18.4,400,2241.0,8,449.2,Tesla Model S,Level 2,Casual Driver,Saturday
75.0,6.63,53.5,93.9,4.81,30.83,24.4,600,1979.0,14,246.64,Tesla Model Y,Level 2,Casual Driver,Wednesday
75.0,6.64,39.7,95.5,6.88,43.26,11.8,1000,1979.0,19,346.08,Tesla Model Y,Level 2,Commuter,Thursday
100.0,6.68,38.4,81.2,6.53,43.59,15.1,800,2509.0,8,348.72,Tesla Model X,Level 2,Casual Driver,Wednesday
72.6,6.47,35.1,99.5,7.95,47.91,14.1,1400,1800.0,19,383.28,Hyundai Ioniq 5,Level 2,Casual Driver,Friday
65.0,47.08,28.8,92.1,0.88,41.17,19.6,400,1800.0,23,329.36,Chevy Bolt EV,DC Fast,Commuter,Saturday
65.0,44.64,12.8,78.8,1.02,45.38,6.7,1500,1800.0,23,363.04,Chevy Bolt EV,DC Fast,Commuter,Thursday
100.0,44.08,53.2,83.1,0.75,33.91,-9.5,600,2241.0,8,271.28,Tesla Model S,DC Fast,Long-Distance Traveler,Tuesday
75.0,3.2,8.0,79.4,17.62,56.47,7.1,1200,1979.0,23,451.76,Tesla Model Y,Level 1,Commuter,Friday
65.0,6.85,11.4,79.2,6.86,47.19,3.4,200,1800.0,14,377.52,Chevy Bolt EV,Level 2,Commuter,Sunday
42.2,6.34,37.8,94.5,3.99,24.04,19.2,1000,1195.0,8,192.32,BMW i3,Level 2,Commuter,Tuesday
100.0,47.16,28.4,98.3,1.65,72.23,28.0,800,2509.0,14,577.84,Tesla Model X,DC Fast,Casual Driver,Sunday
65.0,6.38,55.8,81.6,2.71,17.42,10.3,600,1800.0,8,139.36,Chevy Bolt EV,Level 2,Long-Distance Traveler,Tuesday
65.0,7.15,28.4,78.5,4.55,32.56,19.6,1500,1800.0,19,260.48,Chevy Bolt EV,Level 2,Commuter,Sunday
75.0,7.04,30.0,78.2,5.27,36.63,23.3,600,1844.0,19,293.04,Tesla Model 3,Level 2,Long-Distance Traveler,Tuesday
95.0,46.74,22.3,79.1,1.12,54.06,20.2,600,2585.0,14,432.48,Audi e-tron,DC Fast,Commuter,Thursday
75.0,48.86,11.9,83.6,1.18,59.89,-5.7,200,1979.0,19,479.12,Tesla Model Y,DC Fast,Commuter,Friday
75.0,46.44,45.0,84.9,0.69,31.02,29.1,200,1979.0,23,248.16,Tesla Model Y,DC Fast,Long-Distance Traveler,Wednesday
75.0,6.62,37.5,82.4,5.24,34.46,14.4,400,1979.0,23,275.68,Tesla Model Y,Level 2,Casual Driver,Monday
75.0,7.11,30.5,79.4,5.19,37.15,16.5,800,1979.0,19,297.2,Tesla Model Y,Level 2,Casual Driver,Sunday
40.0,45.85,22.1,92.3,0.76,29.49,8.1,1000,1598.0,19,235.92,Nissan Leaf,DC Fast,Casual Driver,Monday
75.0,49.71,27.6,85.0,0.97,45.99,4.1,1000,1979.0,14,367.92,Tesla Model Y,DC Fast,Long-Distance Traveler,Saturday
95.0,6.6,43.5,81.1,5.9,38.54,38.4,400,2585.0,23,308.32,Audi e-tron,Level 2,Commuter,Wednesday
40.0,46.21,35.1,95.6,0.61,24.4,18.1,200,1598.0,8,195.2,Nissan Leaf,DC Fast,Commuter,Thursday
100.0,6.59,39.4,82.6,6.93,45.15,9.2,200,2509.0,23,361.2,Tesla Model X,Level 2,Casual Driver,Saturday
100.0,6.47,35.8,99.4,11.09,67.06,32.9,800,2509.0,23,536.48,Tesla Model X,Level 2,Long-Distance Traveler,Wednesday
42.2,48.17,16.5,90.7,0.73,33.21,6.0,200,1195.0,14,265.68,BMW i3,DC Fast,Long-Distance Traveler,Saturday
100.0,47.44,38.8,80.0,1.0,46.18,-6.8,400,2509.0,8,369.44,Tesla Model X,DC Fast,Casual Driver,Saturday
75.0,7.16,35.3,96.3,6.85,46.05,21.5,600,1844.0,19,368.4,Tesla Model 3,Level 2,Commuter,Sunday
75.0,2.96,39.5,83.7,11.45,33.62,23.6,1200,1844.0,23,268.96,Tesla Model 3,Level 1,Casual Driver,Monday
95.0,45.55,42.7,95.8,1.2,50.84,18.1,400,2585.0,19,406.72,Audi e-tron,DC Fast,Casual Driver,Friday
72.6,45.29,27.1,83.5,1.02,44.74,-1.3,400,1800.0,14,357.92,Hyundai Ioniq 5,DC Fast,Long-Distance Traveler,Sunday
75.0,6.84,38.8,83.0,5.14,34.44,11.1,200,1844.0,8,275.52,Tesla Model 3,Level 2,Commuter,Friday
100.0,2.93,30.2,79.5,17.21,50.49,25.9,1000,2241.0,23,403.92,Tesla Model S,Level 1,Commuter,Tuesday
75.0,6.53,41.7,78.3,4.31,28.68,30.5,200,1844.0,19,229.44,Tesla Model 3,Level 2,Casual Driver,Tuesday
75.0,6.54,35.4,93.3,7.41,46.16,5.5,600,1844.0,19,369.28,Tesla Model 3,Level 2,Commuter,Friday
95.0,6.37,57.5,78.5,3.34,20.88,8.9,1200,2585.0,23,167.04,Audi e-tron,Level 2,Commuter,Monday
75.0,6.79,18.0,80.2,6.97,47.77,25.9,1000,1844.0,19,382.16,Tesla Model 3,Level 2,Commuter,Friday
77.4,48.38,49.3,78.6,0.43,23.55,11.3,600,1960.0,19,188.4,Kia EV6,DC Fast,Casual Driver,Monday
75.0,7.2,22.2,93.8,8.41,58.28,39.9,1000,1844.0,8,466.24,Tesla Model 3,Level 2,Casual Driver,Monday
95.0,47.57,38.8,79.4,0.83,38.69,20.8,800,2585.0,14,309.52,Audi e-tron,DC Fast,Commuter,Saturday
75.0,45.56,30.0,98.3,1.23,51.56,18.3,1000,1979.0,19,412.48,Tesla Model Y,DC Fast,Casual Driver,Monday
100.0,46.07,8.0,95.2,1.98,87.94,17.8,600,2509.0,23,703.52,Tesla Model X,DC Fast,Commuter,Saturday
100.0,3.14,35.2,78.6,14.88,46.44,3.8,1200,2509.0,19,371.52,Tesla Model X,Level 1,Commuter,Tuesday
65.0,3.02,44.2,96.4,12.08,34.24,22.4,1200,1800.0,23,273.92,Chevy Bolt EV,Level 1,Commuter,Wednesday
100.0,49.17,37.5,79.7,1.01,47.05,-5.5,400,2241.0,19,376.4,Tesla Model S,DC Fast,Commuter,Wednesday
40.0,44.16,51.6,78.8,0.33,11.7,2.3,200,1598.0,19,93.6,Nissan Leaf,DC Fast,Casual Driver,Wednesday
75.0,47.73,9.3,98.8,1.6,71.81,3.7,600,1979.0,23,574.48,Tesla Model Y,DC Fast,Commuter,Wednesday
75.0,7.04,43.3,90.9,5.37,36.56,26.1,600,1979.0,23,292.48,Tesla Model Y,Level 2,Long-Distance Traveler,Saturday
72.6,44.18,65.1,98.9,0.54,24.62,21.1,200,1800.0,23,196.96,Hyundai Ioniq 5,DC Fast,Long-Distance Traveler,Tuesday
75.0,6.57,20.8,79.3,7.19,47.34,1.4,600,1979.0,8,378.72,Tesla Model Y,Level 2,Commuter,Saturday
42.2,6.63,22.8,91.8,5.11,31.95,-1.9,600,1195.0,19,255.6,BMW i3,Level 2,Commuter,Tuesday
65.0,6.43,39.3,79.8,4.22,26.74,24.4,400,1800.0,14,213.92,Chevy Bolt EV,Level 2,Commuter,Tuesday
75.0,46.08,46.9,78.4,0.6,25.0,6.5,1500,1844.0,14,200.0,Tesla Model 3,DC Fast,Commuter,Sunday
65.0,45.25,31.1,81.1,0.83,34.59,4.8,1400,1800.0,23,276.72,Chevy Bolt EV,DC Fast,Casual Driver,Thursday
75.0,7.18,25.2,93.4,7.91,53.65,8.4,1500,1844.0,19,429.2,Tesla Model 3,Level 2,Commuter,Wednesday
72.6,3.26,8.0,78.6,17.99,58.76,-11.9,800,1800.0,23,470.08,Hyundai Ioniq 5,Level 1,Commuter,Tuesday
75.0,6.65,38.2,78.4,4.62,30.79,25.3,400,1844.0,14,246.32,Tesla Model 3,Level 2,Commuter,Wednesday
100.0,46.72,41.1,80.0,0.82,41.87,2.3,400,2241.0,23,334.96,Tesla Model S,DC Fast,Casual Driver,Friday
75.0,45.06,47.0,83.3,0.55,27.3,21.1,400,1844.0,14,218.4,Tesla Model 3,DC Fast,Commuter,Tuesday
75.0,6.66,21.7,82.3,7.04,46.42,14.7,1000,1979.0,14,371.36,Tesla Model Y,Level 2,Casual Driver,Friday
42.2,44.47,42.0,81.1,0.44,16.84,25.1,600,1195.0,19,134.72,BMW i3,DC Fast,Commuter,Sunday
100.0,6.35,21.5,81.4,9.49,59.99,20.7,1000,2241.0,19,479.92,Tesla Model S,Level 2,Commuter,Thursday
75.0,3.02,27.5,93.4,17.24,49.76,21.4,400,1844.0,8,398.08,Tesla Model 3,Level 1,Long-Distance Traveler,Friday
100.0,7.09,22.0,79.6,8.28,58.82,14.8,600,2241.0,23,470.56,Tesla Model S,Level 2,Long-Distance Traveler,Saturday
42.2,6.72,18.6,94.7,5.2,33.13,27.6,400,1195.0,23,265.04,BMW i3,Level 2,Commuter,Thursday
75.0,46.9,44.4,81.1,0.61,27.85,17.5,1200,1844.0,14,222.8,Tesla Model 3,DC Fast,Commuter,Monday
100.0,45.77,31.0,80.2,1.1,49.74,17.1,200,2241.0,14,397.92,Tesla Model S,DC Fast,Commuter,Wednesday
75.0,6.52,39.6,80.9,4.86,31.9,13.1,400,1844.0,23,255.2,Tesla Model 3,Level 2,Commuter,Thursday
65.0,47.84,29.5,90.3,1.01,40.89,28.1,1400,1800.0,23,327.12,Chevy Bolt EV,DC Fast,Commuter,Tuesday
100.0,3.11,20.0,80.6,20.78,64.31,5.3,400,2509.0,23,514.48,Tesla Model X,Level 1,Commuter,Wednesday
100.0,6.89,50.0,78.8,4.36,29.79,12.2,400,2241.0,23,238.32,Tesla Model S,Level 2,Commuter,Saturday
65.0,6.61,18.2,79.7,6.42,42.39,34.3,600,1800.0,23,339.12,Chevy Bolt EV,Level 2,Commuter,Saturday
100.0,49.91,27.0,80.6,1.1,53.67,20.3,200,2241.0,8,429.36,Tesla Model S,DC Fast,Commuter,Saturday
65.0,6.62,10.8,78.3,7.22,47.63,0.4,400,1800.0,19,381.04,Chevy Bolt EV,Level 2,Casual Driver,Thursday
42.2,6.71,18.5,97.9,5.31,33.89,17.2,600,1195.0,19,271.12,BMW i3,Level 2,Commuter,Sunday
75.0,47.5,32.7,78.6,0.71,36.26,32.6,400,1844.0,23,290.08,Tesla Model 3,DC Fast,Long-Distance Traveler,Thursday
77.4,6.71,60.1,91.1,3.73,24.0,20.0,200,1960.0,19,192.0,Kia EV6,Level 2,Commuter,Tuesday
75.0,46.54,39.1,81.5,0.61,31.86,20.5,1000,1844.0,14,254.88,Tesla Model 3,DC Fast,Commuter,Sunday
100.0,6.64,50.0,82.9,5.07,33.61,15.2,400,2241.0,8,268.88,Tesla Model S,Level 2,Commuter,Friday
75.0,6.51,37.9,83.6,5.52,35.56,29.0,1000,1844.0,14,284.48,Tesla Model 3,Level 2,Commuter,Thursday
100.0,3.27,49.8,84.3,10.94,35.1,15.5,200,2509.0,19,280.8,Tesla Model X,Level 1,Commuter,Sunday
75.0,46.51,8.0,78.9,1.2,56.32,5.9,200,1979.0,8,450.56,Tesla Model Y,DC Fast,Long-Distance Traveler,Saturday
75.0,3.03,10.8,98.0,23.12,66.13,17.4,1000,1979.0,8,529.04,Tesla Model Y,Level 1,Commuter,Sunday
95.0,7.06,29.7,78.4,6.65,47.44,26.2,600,2585.0,14,379.52,Audi e-tron,Level 2,Casual Driver,Friday
95.0,7.12,22.4,93.6,10.0,67.75,20.6,200,2585.0,14,542.0,Audi e-tron,Level 2,Commuter,Friday
100.0,46.34,36.2,84.9,1.11,52.58,1.4,1500,2241.0,23,420.64,Tesla Model S,DC Fast,Commuter,Monday
40.0,6.82,19.8,79.9,3.64,25.42,33.6,1000,1598.0,14,203.36,Nissan Leaf,Level 2,Casual Driver,Monday
75.0,47.44,27.1,81.3,0.88,42.04,11.6,400,1844.0,14,336.32,Tesla Model 3,DC Fast,Commuter,Thursday
75.0,6.63,28.5,90.4,7.2,46.51,20.4,400,1979.0,23,372.08,Tesla Model Y,Level 2,Commuter,Tuesday
100.0,47.55,17.6,80.6,1.35,65.54,29.8,800,2241.0,19,524.32,Tesla Model S,DC Fast,Long-Distance Traveler,Sunday
100.0,44.71,21.8,91.7,1.82,80.21,-12.0,400,2241.0,23,641.68,Tesla Model S,DC Fast,Commuter,Thursday
75.0,49.94,30.1,97.0,1.2,55.49,-4.0,200,1979.0,23,443.92,Tesla Model Y,DC Fast,Long-Distance Traveler,Thursday
65.0,3.1,23.4,95.6,16.85,49.45,7.3,600,1800.0,14,395.6,Chevy Bolt EV,Level 1,Commuter,Tuesday
75.0,49.98,40.1,82.7,0.59,32.61,14.9,800,1844.0,23,260.88,Tesla Model 3,DC Fast,Commuter,Friday
95.0,3.28,39.9,79.2,12.4,40.98,42.0,1400,2585.0,8,327.84,Audi e-tron,Level 1,Long-Distance Traveler,Friday
65.0,3.17,46.6,80.2,7.28,22.99,7.7,600,1800.0,19,183.92,Chevy Bolt EV,Level 1,Long-Distance Traveler,Monday
75.0,48.17,47.2,92.6,0.82,35.31,11.2,800,1844.0,8,282.48,Tesla Model 3,DC Fast,Commuter,Monday
72.6,7.01,34.4,79.5,4.9,33.72,12.8,800,1800.0,19,269.76,Hyundai Ioniq 5,Level 2,Commuter,Thursday
75.0,6.87,44.6,98.0,6.26,40.48,17.7,400,1979.0,19,323.84,Tesla Model Y,Level 2,Commuter,Friday
77.4,7.05,43.6,81.8,4.69,32.12,0.3,800,1960.0,19,256.96,Kia EV6,Level 2,Casual Driver,Thursday
75.0,3.0,27.5,82.4,15.07,44.95,-1.1,1000,1844.0,19,359.6,Tesla Model 3,Level 1,Long-Distance Traveler,Tuesday
75.0,49.93,38.2,78.2,0.55,30.63,24.8,400,1979.0,19,245.04,Tesla Model Y,DC Fast,Long-Distance Traveler,Sunday
100.0,6.43,8.0,90.6,13.82,85.76,10.9,800,2241.0,19,686.08,Tesla Model S,Level 2,Commuter,Monday
100.0,7.15,8.0,81.9,10.91,77.05,9.9,1400,2241.0,19,616.4,Tesla Model S,Level 2,Casual Driver,Thursday
75.0,3.01,30.9,81.7,13.4,40.11,32.5,1000,1979.0,14,320.88,Tesla Model Y,Level 1,Commuter,Friday
72.6,6.63,56.9,92.3,4.41,27.69,2.1,800,1800.0,19,221.52,Hyundai Ioniq 5,Level 2,Commuter,Tuesday
42.2,6.97,25.0,93.2,4.71,31.24,0.4,400,1195.0,19,249.92,BMW i3,Level 2,Commuter,Thursday
65.0,6.35,46.1,81.6,3.71,23.81,12.7,200,1800.0,19,190.48,Chevy Bolt EV,Level 2,Casual Driver,Saturday
75.0,47.09,38.3,85.0,0.76,35.0,19.9,200,1979.0,14,280.0,Tesla Model Y,DC Fast,Casual Driver,Monday
72.6,7.18,22.3,80.6,6.57,47.38,-6.8,600,1800.0,19,379.04,Hyundai Ioniq 5,Level 2,Commuter,Monday
75.0,6.66,41.8,95.9,6.59,41.35,24.7,1500,1979.0,8,330.8,Tesla Model Y,Level 2,Long-Distance Traveler,Friday
95.0,6.71,24.9,80.1,7.94,53.27,16.4,1500,2585.0,19,426.16,Audi e-tron,Level 2,Casual Driver,Monday
95.0,48.4,21.9,93.4,1.52,69.79,26.7,1200,2585.0,19,558.32,Audi e-tron,DC Fast,Long-Distance Traveler,Tuesday
75.0,3.16,45.2,96.6,13.04,38.85,22.2,400,1844.0,14,310.8,Tesla Model 3,Level 1,Casual Driver,Tuesday
65.0,46.95,58.8,84.0,0.4,16.94,28.7,1400,1800.0,19,135.52,Chevy Bolt EV,DC Fast,Commuter,Sunday
75.0,6.92,9.4,78.6,7.86,54.19,9.5,400,1844.0,19,433.52,Tesla Model 3,Level 2,Commuter,Wednesday
100.0,6.66,32.2,79.3,7.4,49.2,9.3,400,2241.0,19,393.6,Tesla Model S,Level 2,Casual Driver,Sunday
100.0,6.84,31.5,99.4,10.75,68.84,23.4,1200,2241.0,14,550.72,Tesla Model S,Level 2,Commuter,Monday
75.0,2.95,29.8,83.3,14.64,42.73,4.8,400,1979.0,19,341.84,Tesla Model Y,Level 1,Casual Driver,Tuesday
65.0,6.78,33.4,84.3,5.13,34.1,12.6,600,1800.0,19,272.8,Chevy Bolt EV,Level 2,Commuter,Tuesday
75.0,7.16,11.9,80.3,7.25,51.55,21.3,1000,1844.0,19,412.4,Tesla Model 3,Level 2,Commuter,Thursday
75.0,6.84,42.3,82.7,4.59,30.75,23.9,200,1979.0,8,246.0,Tesla Model Y,Level 2,Commuter,Thursday
72.6,6.46,16.9,84.5,8.58,54.95,-6.9,1000,1800.0,14,439.6,Hyundai Ioniq 5,Level 2,Commuter,Friday
100.0,3.27,35.3,79.4,13.7,44.74,23.5,600,2241.0,19,357.92,Tesla Model S,Level 1,Long-Distance Traveler,Saturday
40.0,6.34,16.1,95.3,5.54,34.01,2.9,600,1598.0,23,272.08,Nissan Leaf,Level 2,Commuter,Monday
